update,env_steps,active_side,block_index,red_policy_loss,red_entropy,red_approx_kl,red_clip_fraction,red_grad_norm,red_advantage_mean,red_advantage_std,red_advantage_nonzero_rate,red_value_loss,red_critic_grad_norm,blue_policy_loss,blue_entropy,blue_approx_kl,blue_clip_fraction,blue_grad_norm,blue_advantage_mean,blue_advantage_std,blue_advantage_nonzero_rate,blue_value_loss,blue_critic_grad_norm,opponent_source_side,opponent_generation,opponent_is_latest,opponent_history_size,active_generation_before,active_generation_after,red_mean_episode_return,blue_mean_episode_return,mean_episode_length,red_outcome_win_rate,blue_outcome_win_rate,draw_rate,non_draw_rate,red_kill_rate,blue_kill_rate,combat_decisive_rate,red_boundary_loss_rate,blue_boundary_loss_rate,boundary_rate,altitude_boundary_rate,xy_boundary_rate,collision_rate,mutual_kill_rate,max_steps_rate,scenario_tail_chase_count,scenario_offset_head_on_count,scenario_crossing_count,tail_rear_red_count,tail_rear_blue_count,red_within_4000_rate,red_attack_distance_entry_rate,red_ata_gate_rate,red_aa_gate_rate,red_distance_and_ata_entry_rate,red_distance_and_aa_entry_rate,red_ata_and_aa_entry_rate,red_full_attack_envelope_entry_rate,red_yaw_rate_saturation_rate,red_pitch_rate_saturation_rate,red_acceleration_saturation_rate,red_nx_saturation_rate,red_nz_saturation_rate,red_phi_saturation_rate,red_acceleration_tracking_mae,red_acceleration_tracking_p95,red_pitch_rate_tracking_mae,red_pitch_rate_tracking_p95,red_yaw_rate_tracking_mae,red_yaw_rate_tracking_p95,red_action_yaw_mean,red_action_yaw_std,red_action_pitch_mean,red_action_pitch_std,red_action_speed_mean,red_action_speed_std,blue_within_4000_rate,blue_attack_distance_entry_rate,blue_ata_gate_rate,blue_aa_gate_rate,blue_distance_and_ata_entry_rate,blue_distance_and_aa_entry_rate,blue_ata_and_aa_entry_rate,blue_full_attack_envelope_entry_rate,blue_yaw_rate_saturation_rate,blue_pitch_rate_saturation_rate,blue_acceleration_saturation_rate,blue_nx_saturation_rate,blue_nz_saturation_rate,blue_phi_saturation_rate,blue_acceleration_tracking_mae,blue_acceleration_tracking_p95,blue_pitch_rate_tracking_mae,blue_pitch_rate_tracking_p95,blue_yaw_rate_tracking_mae,blue_yaw_rate_tracking_p95,blue_action_yaw_mean,blue_action_yaw_std,blue_action_pitch_mean,blue_action_pitch_std,blue_action_speed_mean,blue_action_speed_std,eval_red_outcome_win_rate,eval_blue_outcome_win_rate,eval_draw_rate,eval_non_draw_rate,eval_red_kill_rate,eval_blue_kill_rate,eval_combat_decisive_rate,eval_red_boundary_loss_rate,eval_blue_boundary_loss_rate,eval_boundary_rate,eval_altitude_boundary_rate,eval_xy_boundary_rate,eval_collision_rate,eval_mutual_kill_rate,eval_max_steps_rate,eval_mean_episode_length,eval_bilateral_kill_rate,eval_kill_imbalance,eval_red_within_4000_rate,eval_red_attack_distance_entry_rate,eval_red_ata_gate_rate,eval_red_aa_gate_rate,eval_red_distance_and_ata_entry_rate,eval_red_distance_and_aa_entry_rate,eval_red_ata_and_aa_entry_rate,eval_red_full_attack_envelope_entry_rate,eval_red_attack_to_kill_conversion_rate,eval_red_mean_minimum_distance,eval_red_mean_minimum_combined_violation,eval_blue_within_4000_rate,eval_blue_attack_distance_entry_rate,eval_blue_ata_gate_rate,eval_blue_aa_gate_rate,eval_blue_distance_and_ata_entry_rate,eval_blue_distance_and_aa_entry_rate,eval_blue_ata_and_aa_entry_rate,eval_blue_full_attack_envelope_entry_rate,eval_blue_attack_to_kill_conversion_rate,eval_blue_mean_minimum_distance,eval_blue_mean_minimum_combined_violation
1,128,red,0,-0.0053021544590592384,2.7572654485702515,0.0010482429061084986,0.0,0.5240646302700043,6.239861249923706e-08,0.9999999403953552,1.0,0.28104008734226227,0.7760950922966003,nan,nan,nan,nan,nan,nan,nan,nan,nan,nan,blue,0,True,1,0,,nan,nan,nan,nan,nan,nan,nan,nan,nan,nan,nan,nan,nan,nan,nan,nan,nan,nan,1,1,0,1,0,nan,nan,nan,nan,nan,nan,nan,nan,0.875,0.7265625,0.5859375,0.0546875,0.9921875,0.0,0.029999130182621396,0.08938494110719478,0.11686180773362251,0.18927971570285215,0.17423409740038107,0.21312875564906003,0.12358928292815108,0.46000968464665926,-0.00615327150808298,0.4817885720417531,0.02931040697149001,0.46413055800549774,nan,nan,nan,nan,nan,nan,nan,nan,0.875,0.6953125,0.578125,0.0859375,0.9765625,0.0,0.037487154344688495,0.2527021341733879,0.11318695211045726,0.18920297790571616,0.1695133456852191,0.21327555763777276,0.12554008035658626,0.47895113538836037,0.013849442220816854,0.46193921355634115,-0.01136309358116705,0.4577930353029033,0.4166666666666667,0.5833333333333334,0.0,1.0,0.0,0.08333333333333333,0.08333333333333333,0.5,0.4166666666666667,0.9166666666666666,0.9166666666666666,0.0,0.0,0.0,0.0,371.9166666666667,0.0,0.08333333333333333,1.0,0.08333333333333333,0.6666666666666666,0.9166666666666666,0.0,0.0,0.3333333333333333,0.0,0.0,1465.5998847866347,0.8856945385979301,1.0,0.08333333333333333,1.0,1.0,0.08333333333333333,0.08333333333333333,0.6666666666666666,0.08333333333333333,1.0,1465.5998847866347,0.5915822783959741
2,256,red,0,-0.0022642947733402252,2.758569598197937,0.00039318110793828964,0.0,0.8470871150493622,2.7939677238464355e-09,0.9999997615814209,1.0,0.0025258667301386595,0.055208273231983185,nan,nan,nan,nan,nan,nan,nan,nan,nan,nan,blue,0,True,1,0,,nan,nan,nan,nan,nan,nan,nan,nan,nan,nan,nan,nan,nan,nan,nan,nan,nan,nan,1,1,0,1,0,nan,nan,nan,nan,nan,nan,nan,nan,0.8203125,0.5625,0.6796875,0.453125,0.9765625,0.0,1.0119005340293055,3.4266002637664,0.09400344563149898,0.18318823423311,0.14984747582085808,0.2103930853144998,0.07119286835040839,0.45230747520917114,-0.11227413505548611,0.4779128069746222,-0.0800765365947882,0.5027484154214639,nan,nan,nan,nan,nan,nan,nan,nan,0.90625,0.6796875,0.59375,0.4140625,0.984375,0.0,0.8543862031659225,3.4789676218673873,0.1010562487781789,0.17760282330406385,0.15813081973592424,0.19873069946042324,0.11872923254122725,0.49151016355061633,-0.10155220587330405,0.4791561207975364,-0.07798776854201606,0.46798652876620406,0.4166666666666667,0.5833333333333334,0.0,1.0,0.0,0.08333333333333333,0.08333333333333333,0.5,0.4166666666666667,0.9166666666666666,0.9166666666666666,0.0,0.0,0.0,0.0,371.9166666666667,0.0,0.08333333333333333,1.0,0.08333333333333333,0.6666666666666666,0.9166666666666666,0.0,0.0,0.3333333333333333,0.0,0.0,1465.5998847866347,0.8856945385979301,1.0,0.08333333333333333,1.0,1.0,0.08333333333333333,0.08333333333333333,0.6666666666666666,0.08333333333333333,1.0,1465.5998847866347,0.5915822783959741
3,384,red,0,-0.002843710593879223,2.759965419769287,0.00070618512108922,0.0,0.6194353997707367,-8.009374141693115e-08,0.9999979734420776,1.0,0.0005844939005328342,0.05655357800424099,nan,nan,nan,nan,nan,nan,nan,nan,nan,nan,blue,0,True,1,0,,nan,nan,nan,nan,nan,nan,nan,nan,nan,nan,nan,nan,nan,nan,nan,nan,nan,nan,1,1,0,1,0,nan,nan,nan,nan,nan,nan,nan,nan,0.90625,0.359375,0.6953125,0.578125,0.96875,0.0,2.211949325668609,4.457597886079234,0.07749958751498626,0.16743105568439098,0.13965053302850078,0.19872036709261945,0.05942974275239976,0.4865047471577426,0.03252454233415847,0.46849975267041427,-0.16237098109195358,0.514778758893346,nan,nan,nan,nan,nan,nan,nan,nan,0.828125,0.3984375,0.5625,0.5,0.9609375,0.0,1.6586935878530435,4.443392606583709,0.08661785849354503,0.16310621001580047,0.13310159712236516,0.18628105843574916,0.11282120119722094,0.4752939804410511,0.03552263570782088,0.4437400499489224,-0.1128048376267543,0.45816843062606133,0.4166666666666667,0.5833333333333334,0.0,1.0,0.0,0.08333333333333333,0.08333333333333333,0.5,0.4166666666666667,0.9166666666666666,0.9166666666666666,0.0,0.0,0.0,0.0,371.9166666666667,0.0,0.08333333333333333,1.0,0.08333333333333333,0.6666666666666666,0.9166666666666666,0.0,0.0,0.3333333333333333,0.0,0.0,1465.5998847866347,0.8856945385979301,1.0,0.08333333333333333,1.0,1.0,0.08333333333333333,0.08333333333333333,0.6666666666666666,0.08333333333333333,1.0,1465.5998847866347,0.5915822783959741
4,512,red,0,-0.0043463073670864105,2.760688304901123,0.0008040326647460461,0.0,0.7276113033294678,1.862645149230957e-09,0.9999986886978149,1.0,0.0003473927063168958,0.04421089217066765,nan,nan,nan,nan,nan,nan,nan,nan,nan,nan,blue,0,True,1,0,,nan,nan,nan,nan,nan,nan,nan,nan,nan,nan,nan,nan,nan,nan,nan,nan,nan,nan,1,1,0,1,0,nan,nan,nan,nan,nan,nan,nan,nan,0.8515625,0.453125,0.59375,0.515625,0.96875,0.0,1.878433463302128,4.262831206767126,0.09226616454525464,0.16806827240754046,0.14044713551333707,0.1985861927926579,0.16518747557165625,0.4143761939701892,0.08787415430560941,0.5093174098057262,-0.11983768442951259,0.4699956952465571,nan,nan,nan,nan,nan,nan,nan,nan,0.8671875,0.3359375,0.625,0.5078125,0.9375,0.0,1.9079432363287534,4.510907252088986,0.06972483946794944,0.16021137368972035,0.12435336735697589,0.18771422039041627,0.12687297191769176,0.44990713849248326,0.0017650765003054403,0.47862194069384656,-0.09645969091798179,0.5133181256481005,0.4166666666666667,0.5833333333333334,0.0,1.0,0.0,0.08333333333333333,0.08333333333333333,0.5,0.4166666666666667,0.9166666666666666,0.9166666666666666,0.0,0.0,0.0,0.0,371.9166666666667,0.0,0.08333333333333333,1.0,0.08333333333333333,0.6666666666666666,0.9166666666666666,0.0,0.0,0.3333333333333333,0.0,0.0,1465.5998847866347,0.8856945385979301,1.0,0.08333333333333333,1.0,1.0,0.08333333333333333,0.08333333333333333,0.6666666666666666,0.08333333333333333,1.0,1465.5998847866347,0.5915822783959741
5,640,red,0,-0.006745666265487671,2.7612072229385376,0.0011932866182178259,0.00390625,0.9444533884525299,1.0058283805847168e-07,0.9999986886978149,1.0,0.00021853309590369463,0.03699140343815088,nan,nan,nan,nan,nan,nan,nan,nan,nan,nan,blue,0,True,1,0,,0.0,-10.0,318.0,1.0,0.0,0.0,1.0,0.0,0.0,0.0,0.0,1.0,1.0,1.0,0.0,0.0,0.0,0.0,1,1,1,1,0,1.0,1.0,1.0,1.0,0.0,1.0,0.0,0.0,0.84375,0.421875,0.5859375,0.453125,0.9609375,0.0,1.5768548809065202,4.35269432851235,0.09022563631997316,0.17105945175805384,0.14401717646004625,0.20192916906295888,0.054907052261114586,0.45811127795155276,0.07882693533429119,0.493585896952528,-0.018196354947576765,0.47703390732523165,1.0,1.0,1.0,1.0,1.0,1.0,0.0,0.0,0.8515625,0.40625,0.609375,0.484375,0.9375,0.0,1.842397019668173,4.562977117763856,0.07852911801675325,0.16528057793137996,0.1315470857366398,0.19415144318180189,0.07951464598590974,0.4549598782200355,-0.006379557716172712,0.47992872020152216,-0.0901786750764586,0.4741129652642651,0.9166666666666666,0.08333333333333333,0.0,1.0,0.0,0.08333333333333333,0.08333333333333333,0.0,0.9166666666666666,0.9166666666666666,0.9166666666666666,0.0,0.0,0.0,0.0,383.0,0.0,0.08333333333333333,1.0,0.08333333333333333,0.5,0.9166666666666666,0.0,0.0,0.16666666666666666,0.0,0.0,1381.988177431839,0.9741039342662354,1.0,0.08333333333333333,0.8333333333333334,1.0,0.08333333333333333,0.08333333333333333,0.5,0.08333333333333333,1.0,1381.988177431839,0.6056968133106775
6,768,red,0,-0.0008856076747179031,2.7617268562316895,0.0005444642156362534,0.0,0.39375071227550507,2.2351741790771484e-08,0.9999999403953552,1.0,2.2333234548568726,1.0530326962471008,nan,nan,nan,nan,nan,nan,nan,nan,nan,nan,blue,0,True,1,0,,-6.299999978393316,-5.45000015757978,323.0,0.0,1.0,0.0,1.0,0.0,0.0,0.0,1.0,0.0,1.0,1.0,0.0,0.0,0.0,0.0,2,1,1,1,1,1.0,0.0,1.0,1.0,0.0,0.0,1.0,0.0,0.8359375,0.671875,0.6640625,0.078125,0.96875,0.0,0.03226747439925619,0.2554881387940329,0.10830772733418553,0.1857804885277702,0.16172215627119862,0.20924856440362696,0.048926952479632746,0.4882171720319618,0.03454534265620168,0.46978499184729533,0.19775275536085246,0.4634066898431035,1.0,0.0,0.0,0.0,0.0,0.0,0.0,0.0,0.875,0.734375,0.546875,0.125,0.9765625,0.0,0.15699362249393933,0.8075628228562455,0.11850250529512066,0.18737707450208851,0.1745613532218713,0.21111815546707152,0.12666739827363926,0.465985493496598,0.04069326569151599,0.47140602786300595,-0.009918058596667834,0.4615675301606565,0.9166666666666666,0.08333333333333333,0.0,1.0,0.0,0.08333333333333333,0.08333333333333333,0.0,0.9166666666666666,0.9166666666666666,0.9166666666666666,0.0,0.0,0.0,0.0,383.0,0.0,0.08333333333333333,1.0,0.08333333333333333,0.5,0.9166666666666666,0.0,0.0,0.16666666666666666,0.0,0.0,1381.988177431839,0.9741039342662354,1.0,0.08333333333333333,0.8333333333333334,1.0,0.08333333333333333,0.08333333333333333,0.5,0.08333333333333333,1.0,1381.988177431839,0.6056968133106775
7,896,red,0,-0.001089237630367279,2.762643337249756,0.0004918728955090046,0.0,0.470001220703125,-5.587935447692871e-09,1.0,1.0,5.941318511962891,2.484384298324585,nan,nan,nan,nan,nan,nan,nan,nan,nan,nan,blue,0,True,1,0,,-10.0,10.0,83.0,0.0,1.0,0.0,1.0,0.0,1.0,1.0,0.0,0.0,0.0,0.0,0.0,0.0,0.0,0.0,2,2,1,1,1,1.0,1.0,0.0,0.0,0.0,0.0,0.0,0.0,0.875,0.7265625,0.625,0.2421875,0.984375,0.0,0.2742884088201235,1.5379492795920886,0.11940689884154924,0.18645620435613772,0.16973498696382627,0.21108427856191922,0.08849819526949432,0.4889371916488722,0.07907937974323431,0.5005499807039809,0.026561524412954896,0.48399835524219936,1.0,1.0,1.0,1.0,1.0,1.0,1.0,1.0,0.890625,0.65625,0.59375,0.265625,0.984375,0.0,0.45744453809093233,2.6102189872032544,0.10472706534137376,0.18089937563306707,0.16582877070523516,0.20318008987025496,0.12744908611057326,0.46748371867308747,-0.014965886577556375,0.4692040339791469,-0.05504994413968234,0.47906560468487197,0.9166666666666666,0.08333333333333333,0.0,1.0,0.0,0.08333333333333333,0.08333333333333333,0.0,0.9166666666666666,0.9166666666666666,0.9166666666666666,0.0,0.0,0.0,0.0,383.0,0.0,0.08333333333333333,1.0,0.08333333333333333,0.5,0.9166666666666666,0.0,0.0,0.16666666666666666,0.0,0.0,1381.988177431839,0.9741039342662354,1.0,0.08333333333333333,0.8333333333333334,1.0,0.08333333333333333,0.08333333333333333,0.5,0.08333333333333333,1.0,1381.988177431839,0.6056968133106775
8,1024,red,0,-0.0014430703595280647,2.7630480527877808,0.00039424188435077667,0.0,0.42457012832164764,7.450580596923828e-09,0.9999991655349731,1.0,0.0003872389061143622,0.0368714933283627,nan,nan,nan,nan,nan,nan,nan,nan,nan,nan,blue,0,True,1,0,,nan,nan,nan,nan,nan,nan,nan,nan,nan,nan,nan,nan,nan,nan,nan,nan,nan,nan,2,2,1,1,1,nan,nan,nan,nan,nan,nan,nan,nan,0.8828125,0.625,0.5390625,0.140625,0.9765625,0.0,0.2512837346226937,2.3968261210081896,0.11981306408484045,0.18845398009598896,0.17354512469786526,0.21306421957436836,0.05365319857628492,0.48951475819441853,0.12957051097328076,0.4622541349784186,0.091424890957569,0.4601206126704206,nan,nan,nan,nan,nan,nan,nan,nan,0.8984375,0.3984375,0.578125,0.46875,0.953125,0.0,1.3119254518835257,4.495132977450059,0.07647269775955141,0.17638027727373048,0.14027031978283552,0.19705273342069385,0.251000557844236,0.4655000372256151,-0.06944013770407764,0.42751692260907076,-0.0801785891817417,0.46748371574817044,0.9166666666666666,0.08333333333333333,0.0,1.0,0.0,0.08333333333333333,0.08333333333333333,0.0,0.9166666666666666,0.9166666666666666,0.9166666666666666,0.0,0.0,0.0,0.0,383.0,0.0,0.08333333333333333,1.0,0.08333333333333333,0.5,0.9166666666666666,0.0,0.0,0.16666666666666666,0.0,0.0,1381.988177431839,0.9741039342662354,1.0,0.08333333333333333,0.8333333333333334,1.0,0.08333333333333333,0.08333333333333333,0.5,0.08333333333333333,1.0,1381.988177431839,0.6056968133106775
9,1152,red,0,-0.001087212935090065,2.7633708715438843,0.0003959452733397484,0.0,0.8581548035144806,-1.5832483768463135e-08,0.9999991059303284,1.0,0.0003947559671360068,0.041244166903197765,nan,nan,nan,nan,nan,nan,nan,nan,nan,nan,blue,0,True,1,0,,nan,nan,nan,nan,nan,nan,nan,nan,nan,nan,nan,nan,nan,nan,nan,nan,nan,nan,2,2,1,1,1,nan,nan,nan,nan,nan,nan,nan,nan,0.8828125,0.609375,0.671875,0.28125,0.9921875,0.0,0.5310935118888714,3.4041473974981784,0.12709159604916567,0.19129404354850996,0.18272424516171892,0.21974122376679067,0.06458012480470643,0.4831318985438697,0.12408836266718026,0.4579389124252121,0.11511634515227342,0.47297235247069647,nan,nan,nan,nan,nan,nan,nan,nan,0.859375,0.3125,0.5625,0.5234375,0.9296875,0.0,2.1190174537332087,4.652562292013682,0.06058029246613937,0.15641264157950494,0.11757285619101726,0.18335728798555032,0.1519391481015191,0.48211475618089256,-0.036472316151957784,0.49505583839982326,-0.15662869289008086,0.45617265856087597,0.9166666666666666,0.08333333333333333,0.0,1.0,0.0,0.08333333333333333,0.08333333333333333,0.0,0.9166666666666666,0.9166666666666666,0.9166666666666666,0.0,0.0,0.0,0.0,383.0,0.0,0.08333333333333333,1.0,0.08333333333333333,0.5,0.9166666666666666,0.0,0.0,0.16666666666666666,0.0,0.0,1381.988177431839,0.9741039342662354,1.0,0.08333333333333333,0.8333333333333334,1.0,0.08333333333333333,0.08333333333333333,0.5,0.08333333333333333,1.0,1381.988177431839,0.6056968133106775
10,1280,red,0,-0.0007386663928627968,2.763734221458435,0.00037685688585042953,0.0,0.4328531175851822,-3.91155481338501e-08,0.9999985098838806,1.0,0.00049287335423287,0.05942118912935257,nan,nan,nan,nan,nan,nan,nan,nan,nan,nan,blue,0,True,1,0,,nan,nan,nan,nan,nan,nan,nan,nan,nan,nan,nan,nan,nan,nan,nan,nan,nan,nan,2,2,1,1,1,nan,nan,nan,nan,nan,nan,nan,nan,0.8828125,0.6171875,0.5234375,0.1640625,0.9765625,0.0,0.29793883131981536,1.8157301625449198,0.13519105405038923,0.1955442348134645,0.19062726737731508,0.23018444578600955,0.06168039005933679,0.49424743168930685,0.181365880364865,0.47150309175327193,0.1936752056790283,0.41256755924258104,nan,nan,nan,nan,nan,nan,nan,nan,0.828125,0.34375,0.5625,0.5390625,0.9296875,0.0,2.123261725115989,4.658323208964609,0.06160928771794389,0.15588683717512802,0.11382957852514905,0.18250715791439448,0.17394905184482923,0.4778415095441186,-0.05720393295996473,0.45628932202353956,-0.15715654571249615,0.4420953376640583,0.9166666666666666,0.08333333333333333,0.0,1.0,0.0,0.08333333333333333,0.08333333333333333,0.0,0.9166666666666666,0.9166666666666666,0.9166666666666666,0.0,0.0,0.0,0.0,385.1666666666667,0.0,0.08333333333333333,1.0,0.08333333333333333,0.5,0.9166666666666666,0.0,0.0,0.16666666666666666,0.0,0.0,1415.499391586745,0.9627974641491258,1.0,0.08333333333333333,0.8333333333333334,1.0,0.08333333333333333,0.08333333333333333,0.5,0.08333333333333333,1.0,1415.499391586745,0.681715268856713
11,1408,red,0,-0.001285281963646412,2.7638580799102783,0.0003106191288679838,0.0,0.5620920062065125,0.0,0.9999996423721313,1.0,0.0019653617637231946,0.07586045935750008,nan,nan,nan,nan,nan,nan,nan,nan,nan,nan,blue,0,True,1,0,,-3.1000000555068254,-7.820000011473894,332.0,1.0,0.0,0.0,1.0,0.0,0.0,0.0,0.0,1.0,1.0,1.0,0.0,0.0,0.0,0.0,2,2,2,1,1,1.0,0.0,0.0,1.0,0.0,0.0,0.0,0.0,0.8515625,0.6875,0.546875,0.1640625,0.9921875,0.0,0.2726029156781531,1.6091674419889108,0.14101339303068983,0.1994574727121489,0.19592290479932317,0.2363498839754301,-0.01677084615948843,0.48009356002018555,0.2174000516315573,0.43829746766382977,0.11637659860571148,0.4653292733310024,1.0,0.0,1.0,1.0,0.0,0.0,1.0,0.0,0.8671875,0.484375,0.609375,0.3125,0.9765625,0.0,1.1887876518247547,4.4796910357777975,0.09302099576155914,0.18632792178685986,0.14975269953344472,0.20892455980645724,0.17409390652028378,0.4528908744247787,0.015104474536201451,0.4637897942559491,-0.08448203659463616,0.5034405016397085,0.9166666666666666,0.08333333333333333,0.0,1.0,0.0,0.08333333333333333,0.08333333333333333,0.0,0.9166666666666666,0.9166666666666666,0.9166666666666666,0.0,0.0,0.0,0.0,385.1666666666667,0.0,0.08333333333333333,1.0,0.08333333333333333,0.5,0.9166666666666666,0.0,0.0,0.16666666666666666,0.0,0.0,1415.499391586745,0.9627974641491258,1.0,0.08333333333333333,0.8333333333333334,1.0,0.08333333333333333,0.08333333333333333,0.5,0.08333333333333333,1.0,1415.499391586745,0.681715268856713
12,1536,red,0,-0.0006555709987878799,2.763932943344116,0.00014408561401069164,0.0,0.7033661007881165,-1.210719347000122e-08,1.0,1.0,0.5952776074409485,1.2317423224449158,nan,nan,nan,nan,nan,nan,nan,nan,nan,nan,blue,0,True,1,0,,0.0,-10.0,317.0,1.0,0.0,0.0,1.0,0.0,0.0,0.0,0.0,1.0,1.0,1.0,0.0,0.0,0.0,0.0,3,2,2,2,1,1.0,1.0,1.0,1.0,1.0,1.0,0.0,0.0,0.875,0.7578125,0.640625,0.0234375,0.984375,0.0,0.02842401922670157,8.881784197001252e-16,0.14304652022282024,0.20086592351606153,0.19410564409985348,0.23678154560157755,0.08997871248357114,0.46891835223309464,0.16974487035622587,0.4441901876401129,0.2629127714671995,0.4583911546078238,1.0,1.0,1.0,1.0,1.0,1.0,0.0,0.0,0.859375,0.59375,0.625,0.203125,0.9765625,0.0,0.3671553316434407,3.619611752352086,0.10657380112300649,0.18079931722577744,0.15873785392714698,0.20231157891238638,0.13878387987097085,0.42851480964026456,0.03360202286421554,0.42812490246349116,-0.06169916903945705,0.4749201603607452,0.9166666666666666,0.08333333333333333,0.0,1.0,0.0,0.08333333333333333,0.08333333333333333,0.0,0.9166666666666666,0.9166666666666666,0.9166666666666666,0.0,0.0,0.0,0.0,385.1666666666667,0.0,0.08333333333333333,1.0,0.08333333333333333,0.5,0.9166666666666666,0.0,0.0,0.16666666666666666,0.0,0.0,1415.499391586745,0.9627974641491258,1.0,0.08333333333333333,0.8333333333333334,1.0,0.08333333333333333,0.08333333333333333,0.5,0.08333333333333333,1.0,1415.499391586745,0.681715268856713
13,1664,red,0,-0.00016996636986732483,2.76403546333313,9.093224070966244e-05,0.0,0.31046806275844574,-2.0489096641540527e-08,1.0,1.0,0.42877519130706787,1.1630808115005493,nan,nan,nan,nan,nan,nan,nan,nan,nan,nan,blue,0,True,1,0,,nan,nan,nan,nan,nan,nan,nan,nan,nan,nan,nan,nan,nan,nan,nan,nan,nan,nan,3,2,2,2,1,nan,nan,nan,nan,nan,nan,nan,nan,0.8125,0.703125,0.6796875,0.0078125,0.9921875,0.0,0.0013926962946093741,4.440892098500626e-16,0.1389335356472187,0.20490297291448953,0.19791623606718206,0.24191534704263407,-0.0053349414047261234,0.4365688950107396,0.1426937176784122,0.4498654153115436,0.1716169106439338,0.4837998175951988,nan,nan,nan,nan,nan,nan,nan,nan,0.875,0.6640625,0.5859375,0.25,0.96875,0.0,0.4946589659527653,2.7450899545694307,0.10620987532718648,0.17542218705046841,0.1537137555674206,0.1926195521637582,0.13002322360898688,0.46301335624178547,0.07009902968911774,0.4609197386416081,-0.013573458149039652,0.48441799522108797,0.9166666666666666,0.08333333333333333,0.0,1.0,0.0,0.08333333333333333,0.08333333333333333,0.0,0.9166666666666666,0.9166666666666666,0.9166666666666666,0.0,0.0,0.0,0.0,385.1666666666667,0.0,0.08333333333333333,1.0,0.08333333333333333,0.5,0.9166666666666666,0.0,0.0,0.16666666666666666,0.0,0.0,1415.499391586745,0.9627974641491258,1.0,0.08333333333333333,0.8333333333333334,1.0,0.08333333333333333,0.08333333333333333,0.5,0.08333333333333333,1.0,1415.499391586745,0.681715268856713
14,1792,red,0,0.0001210235059261322,2.7642745971679688,9.248917922377586e-05,0.0,0.2959493547677994,1.7695128917694092e-08,1.0,1.0,0.6710485219955444,1.3629998564720154,nan,nan,nan,nan,nan,nan,nan,nan,nan,nan,blue,0,True,1,0,,nan,nan,nan,nan,nan,nan,nan,nan,nan,nan,nan,nan,nan,nan,nan,nan,nan,nan,3,2,2,2,1,nan,nan,nan,nan,nan,nan,nan,nan,0.8984375,0.65625,0.59375,0.1328125,0.984375,0.0,0.05363460439445941,0.4685767348789484,0.1392543786339063,0.20562538389266483,0.21274835571531972,0.2452386435382177,0.07658133051154437,0.4951751080222109,0.15094304647573153,0.449943771333656,0.10906544937461149,0.4815072541737707,nan,nan,nan,nan,nan,nan,nan,nan,0.8515625,0.5390625,0.546875,0.484375,0.9296875,0.0,1.365853472186109,4.356563191763157,0.08583839211675298,0.16953180555166988,0.13327686824856752,0.18854007917775234,0.12882861729667638,0.4711703731089133,-0.03889453561805567,0.4545644465075271,-0.10739418978209869,0.45683052091489773,0.9166666666666666,0.08333333333333333,0.0,1.0,0.0,0.08333333333333333,0.08333333333333333,0.0,0.9166666666666666,0.9166666666666666,0.9166666666666666,0.0,0.0,0.0,0.0,385.1666666666667,0.0,0.08333333333333333,1.0,0.08333333333333333,0.5,0.9166666666666666,0.0,0.0,0.16666666666666666,0.0,0.0,1415.499391586745,0.9627974641491258,1.0,0.08333333333333333,0.8333333333333334,1.0,0.08333333333333333,0.08333333333333333,0.5,0.08333333333333333,1.0,1415.499391586745,0.681715268856713
15,1920,red,0,-0.0005754539743065834,2.764683246612549,9.408732876181602e-05,0.0,0.38097502291202545,-8.381903171539307e-09,0.9999999403953552,1.0,6.275919198989868,2.607251286506653,nan,nan,nan,nan,nan,nan,nan,nan,nan,nan,blue,0,True,1,0,,25.260000420734286,-32.685001206584275,198.0,1.0,0.0,0.0,1.0,1.0,0.0,1.0,0.0,0.0,0.0,0.0,0.0,0.0,0.0,0.0,3,3,2,2,1,1.0,1.0,1.0,1.0,1.0,1.0,1.0,1.0,0.890625,0.6171875,0.5625,0.109375,1.0,0.0,0.1932594083808425,1.8377278961477168,0.13647023259395144,0.2054503472015686,0.20713726900319981,0.24869487546997013,0.105295201712579,0.47095878065969204,0.14674924241990084,0.4523619875505484,0.21843148435618787,0.4696561330902438,1.0,1.0,0.0,0.0,0.0,0.0,0.0,0.0,0.828125,0.578125,0.578125,0.3125,0.984375,0.0,1.133168343205428,4.3276709806928615,0.09893892244532929,0.18870655964176672,0.14989867605924945,0.2127894455044641,0.13650375459110364,0.44174770185334106,0.05792176070099231,0.4852676979337509,-0.011468944147054572,0.4768513238789886,0.9166666666666666,0.08333333333333333,0.0,1.0,0.0,0.08333333333333333,0.08333333333333333,0.0,0.9166666666666666,0.9166666666666666,0.9166666666666666,0.0,0.0,0.0,0.0,383.5833333333333,0.0,0.08333333333333333,1.0,0.08333333333333333,0.5,0.9166666666666666,0.0,0.0,0.16666666666666666,0.0,0.0,1387.1348259993902,0.9519548116761584,1.0,0.08333333333333333,0.8333333333333334,1.0,0.08333333333333333,0.08333333333333333,0.5,0.08333333333333333,1.0,1387.1348259993902,0.6278108942574463
16,2048,red,0,-0.0015661204233765602,2.7650943994522095,0.0001501203514635563,0.0,0.8129727244377136,-9.080395102500916e-09,0.9999992251396179,1.0,0.00038920655788388103,0.03825751133263111,nan,nan,nan,nan,nan,nan,nan,nan,nan,nan,blue,0,True,1,0,1,nan,nan,nan,nan,nan,nan,nan,nan,nan,nan,nan,nan,nan,nan,nan,nan,nan,nan,3,3,2,2,1,nan,nan,nan,nan,nan,nan,nan,nan,0.8671875,0.734375,0.34375,0.1484375,1.0,0.0,0.3751722189555823,2.7972865864690415,0.1491453428176362,0.2036629699816797,0.20588051580338612,0.2492692400269035,0.08015041029648273,0.49408432450196194,0.19023873089827248,0.4427175240500112,0.15837445733632194,0.45587748845437254,nan,nan,nan,nan,nan,nan,nan,nan,0.890625,0.421875,0.5625,0.5078125,0.953125,0.0,1.376998028461409,4.536630853317627,0.0818056843619154,0.18465042402500836,0.14305715557673865,0.2099910197394591,0.1301460876670717,0.4970072196510195,-0.05329044853351661,0.4635615173380102,-0.15994290321214066,0.466690773252401,0.9166666666666666,0.08333333333333333,0.0,1.0,0.0,0.08333333333333333,0.08333333333333333,0.0,0.9166666666666666,0.9166666666666666,0.9166666666666666,0.0,0.0,0.0,0.0,383.5833333333333,0.0,0.08333333333333333,1.0,0.08333333333333333,0.5,0.9166666666666666,0.0,0.0,0.16666666666666666,0.0,0.0,1377.9867568393938,0.9451926157352313,1.0,0.08333333333333333,0.8333333333333334,1.0,0.08333333333333333,0.08333333333333333,0.5,0.08333333333333333,1.0,1377.9867568393938,0.6165243788370567
17,2176,blue,1,nan,nan,nan,nan,nan,nan,nan,nan,nan,nan,-0.0030946913175284863,2.7566654682159424,0.001110745593905449,0.0,0.2977317124605179,-1.1175870895385742e-08,0.9999999403953552,1.0,0.05560251697897911,0.33497096598148346,red,0,False,2,0,,nan,nan,nan,nan,nan,nan,nan,nan,nan,nan,nan,nan,nan,nan,nan,nan,nan,nan,4,3,3,2,2,nan,nan,nan,nan,nan,nan,nan,nan,0.8671875,0.6953125,0.5078125,0.1484375,0.96875,0.0,0.11605379885563649,0.9720580074053127,0.09984863065990493,0.17934094831558678,0.15792152742840837,0.19853464703311874,0.13603531825174286,0.48490216741465864,-0.03917307634401368,0.4977110209468205,0.06449239322591893,0.453579086913879,nan,nan,nan,nan,nan,nan,nan,nan,0.90625,0.625,0.59375,0.0625,0.984375,0.0,0.07157666462415338,0.4696190084470119,0.1125974826555752,0.18688669746675263,0.17650434322494507,0.20943091611351083,0.10812111457926221,0.4693229672800626,-0.024007811240153387,0.46087179421319985,0.009539251370370039,0.5017824156846092,0.9166666666666666,0.08333333333333333,0.0,1.0,0.0,0.08333333333333333,0.08333333333333333,0.0,0.9166666666666666,0.9166666666666666,0.9166666666666666,0.0,0.0,0.0,0.0,383.5833333333333,0.0,0.08333333333333333,1.0,0.08333333333333333,0.5,0.9166666666666666,0.0,0.0,0.16666666666666666,0.0,0.0,1377.9867568393938,0.9451926157352313,1.0,0.08333333333333333,0.8333333333333334,1.0,0.08333333333333333,0.08333333333333333,0.5,0.08333333333333333,1.0,1377.9867568393938,0.6165243788370567
18,2304,blue,1,nan,nan,nan,nan,nan,nan,nan,nan,nan,nan,-0.0011037252843379974,2.7559226751327515,0.0004998091608285904,0.0,0.31809332966804504,-1.4901161193847656e-08,0.9999999403953552,1.0,2.682028651237488,0.8015947639942169,red,0,False,2,0,,-10.0,10.0,68.0,0.0,1.0,0.0,1.0,0.0,1.0,1.0,0.0,0.0,0.0,0.0,0.0,0.0,0.0,0.0,4,4,3,2,2,1.0,1.0,0.0,0.0,0.0,0.0,0.0,0.0,0.8125,0.703125,0.5859375,0.234375,0.9609375,0.0,0.42863840607464987,2.5357964296993893,0.10000054925491299,0.1823737509365661,0.14881600085745886,0.2017373418376117,0.0838605087265023,0.472247715076305,-0.004773054677571054,0.5015517651009509,-0.042621889188012574,0.4818534876049103,1.0,1.0,1.0,1.0,1.0,1.0,1.0,1.0,0.875,0.640625,0.5390625,0.28125,0.96875,0.0,0.5525676276744425,2.7622229840209473,0.10405287629248182,0.18006586668905858,0.16191708870290805,0.20476349368240188,0.0882067067141179,0.4969318449469098,-0.0675435704542906,0.4866563467453326,-0.026151346970436862,0.4461072780047962,0.9166666666666666,0.08333333333333333,0.0,1.0,0.0,0.08333333333333333,0.08333333333333333,0.0,0.9166666666666666,0.9166666666666666,0.9166666666666666,0.0,0.0,0.0,0.0,383.5833333333333,0.0,0.08333333333333333,1.0,0.08333333333333333,0.5,0.9166666666666666,0.0,0.0,0.16666666666666666,0.0,0.0,1377.9867568393938,0.9451926157352313,1.0,0.08333333333333333,0.8333333333333334,1.0,0.08333333333333333,0.08333333333333333,0.5,0.08333333333333333,1.0,1377.9867568393938,0.6165243788370567
19,2432,blue,1,nan,nan,nan,nan,nan,nan,nan,nan,nan,nan,-0.004725124686956406,2.7546274662017822,0.0007262961007654667,0.0,0.7688533067703247,1.955777406692505e-08,0.9999979734420776,1.0,0.0005966260250716005,0.05200154636986554,red,0,False,2,0,,nan,nan,nan,nan,nan,nan,nan,nan,nan,nan,nan,nan,nan,nan,nan,nan,nan,nan,4,4,3,2,2,nan,nan,nan,nan,nan,nan,nan,nan,0.875,0.4765625,0.5859375,0.4609375,0.953125,0.0,1.2303340822094204,4.5021481246760855,0.08306315023044608,0.16838507220928942,0.13884457865546257,0.18961922084962415,0.12011892033115146,0.470035893908759,-0.06922595002833987,0.4783873023603708,-0.0639075226681598,0.4487693857703739,nan,nan,nan,nan,nan,nan,nan,nan,0.8828125,0.3125,0.5,0.328125,0.9609375,0.0,1.1528776143349009,4.432276615066248,0.07273713650427724,0.16561081763498833,0.13608764240127502,0.19402511477937268,0.14515045741336507,0.45310832388264044,-0.09106936215539463,0.46755532047577114,0.022013747024175245,0.4615923416887671,0.9166666666666666,0.08333333333333333,0.0,1.0,0.0,0.08333333333333333,0.08333333333333333,0.0,0.9166666666666666,0.9166666666666666,0.9166666666666666,0.0,0.0,0.0,0.0,383.5833333333333,0.0,0.08333333333333333,1.0,0.08333333333333333,0.5,0.9166666666666666,0.0,0.0,0.16666666666666666,0.0,0.0,1377.9867568393938,0.9451926157352313,1.0,0.08333333333333333,0.8333333333333334,1.0,0.08333333333333333,0.08333333333333333,0.5,0.08333333333333333,1.0,1377.9867568393938,0.6165243788370567
20,2560,blue,1,nan,nan,nan,nan,nan,nan,nan,nan,nan,nan,-0.0012494046241044998,2.7535512447357178,0.0005618783179670572,0.0,0.7708110511302948,1.4901161193847656e-08,0.9999988675117493,1.0,0.0003230117436032742,0.04086333652958274,red,0,False,2,0,,nan,nan,nan,nan,nan,nan,nan,nan,nan,nan,nan,nan,nan,nan,nan,nan,nan,nan,4,4,3,2,2,nan,nan,nan,nan,nan,nan,nan,nan,0.8828125,0.2890625,0.59375,0.4765625,0.9296875,0.0,1.9154436443738796,4.705170996395877,0.059798462741462555,0.15680879842139708,0.1166329155927924,0.1835710756623863,0.11760664129360521,0.5140155924235434,-0.04906537535134703,0.4717034261812735,-0.12004818110654014,0.4763584235588762,nan,nan,nan,nan,nan,nan,nan,nan,0.8515625,0.328125,0.6015625,0.484375,0.9140625,0.0,1.9871026390247721,4.719164096538069,0.06985251203476625,0.1707189880848372,0.13348537683587142,0.2048281040711545,0.052116018112883467,0.4596695565038199,0.005552112547775323,0.47327154506268515,-0.1161473203865171,0.47370327758436,0.9166666666666666,0.08333333333333333,0.0,1.0,0.0,0.08333333333333333,0.08333333333333333,0.0,0.9166666666666666,0.9166666666666666,0.9166666666666666,0.0,0.0,0.0,0.0,305.25,0.0,0.08333333333333333,1.0,0.08333333333333333,0.5,0.9166666666666666,0.0,0.0,0.16666666666666666,0.0,0.0,1419.6122388452447,0.9710586811767778,1.0,0.08333333333333333,0.8333333333333334,1.0,0.08333333333333333,0.08333333333333333,0.5,0.08333333333333333,1.0,1419.6122388452447,0.738065859952871
21,2688,blue,1,nan,nan,nan,nan,nan,nan,nan,nan,nan,nan,0.0006707487627863884,2.7528343200683594,4.961574450135231e-05,0.0,0.8299959003925323,-7.450580596923828e-09,1.0000001192092896,1.0,7.003547668457031,4.688091039657593,red,0,False,2,0,,-2.7200000658631325,-8.100000001490116,302.0,1.0,0.0,0.0,1.0,0.0,0.0,0.0,0.0,1.0,1.0,1.0,0.0,0.0,0.0,0.0,4,4,4,2,2,1.0,0.0,0.0,0.0,0.0,0.0,0.0,0.0,0.8359375,0.375,0.6640625,0.453125,0.953125,0.0,1.760555941904331,4.62150804331463,0.07570385626835774,0.1614024122039754,0.12662678800477384,0.19076695967231633,0.015124682842724724,0.48814415325986515,-0.02404560297873104,0.48304881572059055,-0.07840673590544611,0.49893288259280333,1.0,0.0,1.0,1.0,0.0,0.0,1.0,0.0,0.8046875,0.4140625,0.46875,0.3203125,0.953125,0.0,1.222447972869738,4.677824589595004,0.08034311352452544,0.17578400207173606,0.13860086157134266,0.20853764525226673,0.08681169542251155,0.45217312512636054,0.011178650387591915,0.48140097098081086,-0.01612922258391336,0.4209725286294334,0.9166666666666666,0.08333333333333333,0.0,1.0,0.0,0.08333333333333333,0.08333333333333333,0.0,0.9166666666666666,0.9166666666666666,0.9166666666666666,0.0,0.0,0.0,0.0,305.25,0.0,0.08333333333333333,1.0,0.08333333333333333,0.5,0.9166666666666666,0.0,0.0,0.16666666666666666,0.0,0.0,1419.6122388452447,0.9710586811767778,1.0,0.08333333333333333,0.8333333333333334,1.0,0.08333333333333333,0.08333333333333333,0.5,0.08333333333333333,1.0,1419.6122388452447,0.738065859952871
22,2816,blue,1,nan,nan,nan,nan,nan,nan,nan,nan,nan,nan,-0.0012395894154906273,2.7521848678588867,9.166146628558636e-05,0.0,0.5488598644733429,-1.4901161193847656e-08,0.9999998807907104,1.0,6.740134000778198,4.419980764389038,red,0,False,2,0,,0.0,-10.0,304.0,1.0,0.0,0.0,1.0,0.0,0.0,0.0,0.0,1.0,1.0,1.0,0.0,0.0,0.0,0.0,5,4,4,3,2,1.0,1.0,1.0,1.0,1.0,1.0,0.0,0.0,0.828125,0.5078125,0.609375,0.3671875,0.9296875,0.0,1.073887710363139,4.70389431594941,0.08787801952022031,0.18628659017221832,0.14199679459267633,0.21029884516050076,0.15130141988720425,0.4255084766316971,-0.06367523867811542,0.48653723631022516,-0.08033280351082794,0.48138702515231674,1.0,1.0,1.0,1.0,1.0,1.0,0.0,0.0,0.8515625,0.546875,0.53125,0.171875,0.9609375,0.0,0.6570113935885167,4.693435549480472,0.09508321349445767,0.18567126867748887,0.15451136993001055,0.20776583366153856,0.08010322604241082,0.4700456152470387,0.01930259988148464,0.46598185245851137,-0.029442638078762684,0.44991141183107136,0.9166666666666666,0.08333333333333333,0.0,1.0,0.0,0.08333333333333333,0.08333333333333333,0.0,0.9166666666666666,0.9166666666666666,0.9166666666666666,0.0,0.0,0.0,0.0,305.25,0.0,0.08333333333333333,1.0,0.08333333333333333,0.5,0.9166666666666666,0.0,0.0,0.16666666666666666,0.0,0.0,1419.6122388452447,0.9710586811767778,1.0,0.08333333333333333,0.8333333333333334,1.0,0.08333333333333333,0.08333333333333333,0.5,0.08333333333333333,1.0,1419.6122388452447,0.738065859952871
23,2944,blue,1,nan,nan,nan,nan,nan,nan,nan,nan,nan,nan,-0.0024697696790099144,2.752295136451721,0.00023073307238519192,0.0,0.6133212149143219,-2.2351741790771484e-08,0.9999999403953552,1.0,1.5114907622337341,1.3498203754425049,red,0,False,2,0,,-10.0,10.0,83.0,0.0,1.0,0.0,1.0,0.0,1.0,1.0,0.0,0.0,0.0,0.0,0.0,0.0,0.0,0.0,5,5,4,3,2,1.0,1.0,0.0,0.0,0.0,0.0,0.0,0.0,0.8671875,0.6328125,0.6015625,0.0859375,0.984375,0.0,0.08236874678841903,0.6903692437994667,0.10599536142198679,0.18580746476204196,0.16334055479275525,0.20809948434030423,0.08534554293601104,0.4775646757620344,0.03447703817982983,0.45447638620527525,-0.07245580876042368,0.5033005700095257,1.0,1.0,1.0,1.0,1.0,1.0,1.0,1.0,0.8203125,0.6953125,0.5546875,0.0625,0.9765625,0.0,0.05934800079863695,0.07740449900082477,0.10816175551320434,0.1886465784390824,0.1638713704842304,0.2122177962845973,0.06045194119360531,0.4614930037099289,-0.019154557041474618,0.45018369919226714,0.11553809120778169,0.4346839055041364,0.9166666666666666,0.08333333333333333,0.0,1.0,0.0,0.08333333333333333,0.08333333333333333,0.0,0.9166666666666666,0.9166666666666666,0.9166666666666666,0.0,0.0,0.0,0.0,305.25,0.0,0.08333333333333333,1.0,0.08333333333333333,0.5,0.9166666666666666,0.0,0.0,0.16666666666666666,0.0,0.0,1419.6122388452447,0.9710586811767778,1.0,0.08333333333333333,0.8333333333333334,1.0,0.08333333333333333,0.08333333333333333,0.5,0.08333333333333333,1.0,1419.6122388452447,0.738065859952871
24,3072,blue,1,nan,nan,nan,nan,nan,nan,nan,nan,nan,nan,0.00015359651297330856,2.7523123025894165,0.00023463438265025616,0.0,0.38856641948223114,2.514570951461792e-08,0.9999998211860657,1.0,0.02990923449397087,0.3057539165019989,red,0,False,2,0,,nan,nan,nan,nan,nan,nan,nan,nan,nan,nan,nan,nan,nan,nan,nan,nan,nan,nan,5,5,4,3,2,nan,nan,nan,nan,nan,nan,nan,nan,0.890625,0.703125,0.578125,0.3125,0.984375,0.0,0.4720267056955468,2.5964938679068776,0.11175218623252474,0.17769643550657113,0.1627067986516242,0.2014969292903893,0.20063254331762437,0.4856063754952081,0.027864763873367338,0.4958866135927142,-0.01154786075494485,0.4658848344757194,nan,nan,nan,nan,nan,nan,nan,nan,0.84375,0.578125,0.625,0.3515625,0.984375,0.0,0.7393869797821693,3.549764510463348,0.10705232676502963,0.188503058368191,0.16691654051861415,0.21614716768568243,0.12245455977972597,0.4699673686877156,0.00398782859883795,0.4424886261333137,0.034525980569924286,0.48881520170838705,0.9166666666666666,0.08333333333333333,0.0,1.0,0.0,0.08333333333333333,0.08333333333333333,0.0,0.9166666666666666,0.9166666666666666,0.9166666666666666,0.0,0.0,0.0,0.0,305.25,0.0,0.08333333333333333,1.0,0.08333333333333333,0.5,0.9166666666666666,0.0,0.0,0.16666666666666666,0.0,0.0,1419.6122388452447,0.9710586811767778,1.0,0.08333333333333333,0.8333333333333334,1.0,0.08333333333333333,0.08333333333333333,0.5,0.08333333333333333,1.0,1419.6122388452447,0.738065859952871
25,3200,blue,1,nan,nan,nan,nan,nan,nan,nan,nan,nan,nan,-4.6292319893836975e-05,2.7523443698883057,0.00013405084609985352,0.0,0.6053362786769867,-1.210719347000122e-08,1.0,1.0,0.007360067218542099,0.09976372495293617,red,0,False,2,0,,nan,nan,nan,nan,nan,nan,nan,nan,nan,nan,nan,nan,nan,nan,nan,nan,nan,nan,5,5,4,3,2,nan,nan,nan,nan,nan,nan,nan,nan,0.828125,0.4296875,0.671875,0.4375,0.96875,0.0,1.3739486679388397,4.512300658658986,0.07832218354314593,0.16684881215907263,0.133322283439138,0.18930378528503705,0.12642897490877658,0.488353112449345,-0.04073185169545468,0.46469991537516825,-0.0645441893102543,0.537503302669894,nan,nan,nan,nan,nan,nan,nan,nan,0.7734375,0.515625,0.5625,0.328125,0.9609375,0.0,0.9349150849930209,3.9528058825143155,0.10638796025801281,0.18228104035020712,0.15504805667960675,0.21319087148030783,0.11422089104598854,0.4801803883596417,0.05601263938297052,0.4803353271125859,0.09937372807689826,0.4757734042010669,0.8333333333333334,0.08333333333333333,0.08333333333333333,0.9166666666666666,0.0,0.08333333333333333,0.08333333333333333,0.0,0.8333333333333334,0.8333333333333334,0.8333333333333334,0.0,0.0,0.0,0.08333333333333333,396.0833333333333,0.0,0.08333333333333333,1.0,0.08333333333333333,0.5,0.9166666666666666,0.0,0.0,0.16666666666666666,0.0,0.0,1376.9366848530917,0.9568372537648591,1.0,0.08333333333333333,0.8333333333333334,1.0,0.08333333333333333,0.08333333333333333,0.5,0.08333333333333333,1.0,1376.9366848530917,0.6083495946808418
26,3328,blue,1,nan,nan,nan,nan,nan,nan,nan,nan,nan,nan,0.00012061931192874908,2.752345561981201,4.849489778280258e-05,0.0,0.6169406771659851,-8.568167686462402e-08,0.9999991655349731,1.0,0.0028638025978580117,0.15122682601213455,red,0,False,2,0,,nan,nan,nan,nan,nan,nan,nan,nan,nan,nan,nan,nan,nan,nan,nan,nan,nan,nan,5,5,4,3,2,nan,nan,nan,nan,nan,nan,nan,nan,0.8984375,0.3359375,0.5234375,0.4296875,0.9609375,0.0,1.5927802645180211,4.6252196278937046,0.06864797294359845,0.16107732446335124,0.12756073409931068,0.1902813511681916,0.14555680597186438,0.4625400524250876,-0.0249559672884061,0.500376010827379,-0.09100670783891474,0.44530201064296965,nan,nan,nan,nan,nan,nan,nan,nan,0.8515625,0.4375,0.6796875,0.375,0.953125,0.0,1.4656666684187802,4.437483287935634,0.09854101790326986,0.18094258763201232,0.1695827255437515,0.21874293010553797,0.0711950964468997,0.5001415907967856,0.04641891968640266,0.516228949050535,0.0413252596372331,0.49107509855468,0.8333333333333334,0.08333333333333333,0.08333333333333333,0.9166666666666666,0.0,0.08333333333333333,0.08333333333333333,0.0,0.8333333333333334,0.8333333333333334,0.8333333333333334,0.0,0.0,0.0,0.08333333333333333,396.0833333333333,0.0,0.08333333333333333,1.0,0.08333333333333333,0.5,0.9166666666666666,0.0,0.0,0.16666666666666666,0.0,0.0,1376.9366848530917,0.9568372537648591,1.0,0.08333333333333333,0.8333333333333334,1.0,0.08333333333333333,0.08333333333333333,0.5,0.08333333333333333,1.0,1376.9366848530917,0.6083495946808418
27,3456,blue,1,nan,nan,nan,nan,nan,nan,nan,nan,nan,nan,-0.0012339837849140167,2.7525304555892944,0.00011614244431257248,0.0,0.545335590839386,4.284083843231201e-08,1.0,1.0,12.184731483459473,7.405463457107544,red,0,False,2,0,,2.9650000045076013,-14.260000116657466,306.0,1.0,0.0,0.0,1.0,0.0,0.0,0.0,0.0,1.0,1.0,1.0,0.0,0.0,0.0,0.0,6,5,5,3,3,1.0,0.5,1.0,1.0,0.0,0.5,0.5,0.0,0.859375,0.453125,0.578125,0.4296875,0.9453125,0.0,1.608310490799371,4.696844506282047,0.079923194132025,0.18406758445812968,0.13909742203499537,0.20507204313250535,0.07844265723542776,0.5174883488872738,-0.027239412207563873,0.49295017070258834,-0.13619208658928983,0.45946756923202386,1.0,0.5,0.5,0.5,0.0,0.5,0.0,0.0,0.8515625,0.421875,0.625,0.3046875,0.9765625,0.0,1.2035699349923776,4.4857616980203385,0.09007914822459842,0.18330025514254764,0.16810662557623787,0.2226834808006669,0.11123064339062694,0.489536966289823,-0.01035531194156647,0.4892632479493722,0.011315419978927821,0.4516721837270811,0.8333333333333334,0.08333333333333333,0.08333333333333333,0.9166666666666666,0.0,0.08333333333333333,0.08333333333333333,0.0,0.8333333333333334,0.8333333333333334,0.8333333333333334,0.0,0.0,0.0,0.08333333333333333,396.0833333333333,0.0,0.08333333333333333,1.0,0.08333333333333333,0.5,0.9166666666666666,0.0,0.0,0.16666666666666666,0.0,0.0,1376.9366848530917,0.9568372537648591,1.0,0.08333333333333333,0.8333333333333334,1.0,0.08333333333333333,0.08333333333333333,0.5,0.08333333333333333,1.0,1376.9366848530917,0.6083495946808418
28,3584,blue,1,nan,nan,nan,nan,nan,nan,nan,nan,nan,nan,-0.00013818591833114624,2.752543091773987,7.588253356516361e-05,0.0,0.2986088842153549,-2.8870999813079834e-08,0.9999999403953552,1.0,0.14836020022630692,0.614447295665741,red,0,False,2,0,,nan,nan,nan,nan,nan,nan,nan,nan,nan,nan,nan,nan,nan,nan,nan,nan,nan,nan,6,5,5,3,3,nan,nan,nan,nan,nan,nan,nan,nan,0.8125,0.6640625,0.59375,0.3046875,0.9609375,0.0,0.40848171539503875,2.5392586247830446,0.0997606556480238,0.18363147536724633,0.14983181907152288,0.20599751679480646,0.16350088069884805,0.45123501605956134,-0.03473530291375937,0.45933069839473384,-0.03056247447966598,0.48345901350649756,nan,nan,nan,nan,nan,nan,nan,nan,0.8359375,0.6796875,0.5546875,0.1328125,0.984375,0.0,0.08506797932540326,0.8268937793108636,0.11405066177901466,0.19024428174750108,0.16640732761501348,0.21658188067910775,0.12342525087296963,0.47154608522226465,0.07459673228731845,0.483703948742544,0.10172708169557154,0.4547545528509205,0.8333333333333334,0.08333333333333333,0.08333333333333333,0.9166666666666666,0.0,0.08333333333333333,0.08333333333333333,0.0,0.8333333333333334,0.8333333333333334,0.8333333333333334,0.0,0.0,0.0,0.08333333333333333,396.0833333333333,0.0,0.08333333333333333,1.0,0.08333333333333333,0.5,0.9166666666666666,0.0,0.0,0.16666666666666666,0.0,0.0,1376.9366848530917,0.9568372537648591,1.0,0.08333333333333333,0.8333333333333334,1.0,0.08333333333333333,0.08333333333333333,0.5,0.08333333333333333,1.0,1376.9366848530917,0.6083495946808418
29,3712,blue,1,nan,nan,nan,nan,nan,nan,nan,nan,nan,nan,-0.0007843300700187683,2.7523101568222046,7.68143218010664e-05,0.0,0.5278417766094208,4.842877388000488e-08,0.9999998211860657,1.0,0.006685460451990366,0.15068327635526657,red,0,False,2,0,,nan,nan,nan,nan,nan,nan,nan,nan,nan,nan,nan,nan,nan,nan,nan,nan,nan,nan,6,5,5,3,3,nan,nan,nan,nan,nan,nan,nan,nan,0.828125,0.5,0.578125,0.4375,0.953125,0.0,1.3388099702544207,4.479775967923702,0.08117294162458556,0.1632952833173879,0.12723210779084104,0.18555830844072507,0.04640744545486086,0.4350529744999377,-0.03202457566658268,0.5019715494058441,-0.07551571167300608,0.499493542962554,nan,nan,nan,nan,nan,nan,nan,nan,0.8828125,0.65625,0.6328125,0.3046875,0.984375,0.0,0.5693682202214921,3.2746943124738324,0.11409906506044469,0.1917208604780205,0.17292344644286933,0.22081283169515742,0.15838833383531892,0.4510600871512817,0.04720399877260206,0.4988816737244225,0.06329271300637629,0.4969149703722496,0.8333333333333334,0.08333333333333333,0.08333333333333333,0.9166666666666666,0.0,0.08333333333333333,0.08333333333333333,0.0,0.8333333333333334,0.8333333333333334,0.8333333333333334,0.0,0.0,0.0,0.08333333333333333,396.0833333333333,0.0,0.08333333333333333,1.0,0.08333333333333333,0.5,0.9166666666666666,0.0,0.0,0.16666666666666666,0.0,0.0,1376.9366848530917,0.9568372537648591,1.0,0.08333333333333333,0.8333333333333334,1.0,0.08333333333333333,0.08333333333333333,0.5,0.08333333333333333,1.0,1376.9366848530917,0.6083495946808418
30,3840,blue,1,nan,nan,nan,nan,nan,nan,nan,nan,nan,nan,-0.0006159134209156036,2.752029299736023,0.00013161241076886654,0.0,0.5198466777801514,-7.729977369308472e-08,0.9999995231628418,1.0,0.0008053219062276185,0.05847800709307194,red,0,False,2,0,,nan,nan,nan,nan,nan,nan,nan,nan,nan,nan,nan,nan,nan,nan,nan,nan,nan,nan,6,5,5,3,3,nan,nan,nan,nan,nan,nan,nan,nan,0.8671875,0.3828125,0.609375,0.4296875,0.9375,0.0,1.5786846671774746,4.667017777531625,0.07409686379409883,0.15752404303773196,0.12614641568534007,0.18525832959263505,0.04203792610587698,0.4587895768326387,0.006244300391699653,0.48011523473276335,-0.03958042940212181,0.4948934024043331,nan,nan,nan,nan,nan,nan,nan,nan,0.8359375,0.5625,0.65625,0.34375,0.984375,0.0,0.8183154426538557,3.7335148715947386,0.11814951508648483,0.18887570626794456,0.17470617733489185,0.21935317029718857,0.11935581780926441,0.476857774200688,0.08876753620506861,0.4569018328591002,0.019200011353859736,0.5103081822296076,0.16666666666666666,0.08333333333333333,0.75,0.25,0.0,0.08333333333333333,0.08333333333333333,0.0,0.16666666666666666,0.16666666666666666,0.16666666666666666,0.0,0.0,0.0,0.75,552.5,0.0,0.08333333333333333,1.0,0.08333333333333333,0.5,0.9166666666666666,0.0,0.0,0.16666666666666666,0.0,0.0,1361.8688691501748,0.9460036691415917,1.0,0.08333333333333333,0.8333333333333334,1.0,0.08333333333333333,0.08333333333333333,0.5,0.08333333333333333,1.0,1361.8688691501748,0.5820368278155991
31,3968,blue,1,nan,nan,nan,nan,nan,nan,nan,nan,nan,nan,-0.001595635898411274,2.751721978187561,0.00023988750763237476,0.0,1.0664031505584717,1.0058283805847168e-07,0.9999992251396179,1.0,0.0006586468662135303,0.06278787739574909,red,0,False,2,0,,nan,nan,nan,nan,nan,nan,nan,nan,nan,nan,nan,nan,nan,nan,nan,nan,nan,nan,6,5,5,3,3,nan,nan,nan,nan,nan,nan,nan,nan,0.8125,0.2734375,0.5546875,0.4140625,0.890625,0.0,1.4550361034957597,4.844494260253948,0.061656468529827285,0.16003489861042747,0.11746094283300275,0.18988801925270646,0.1384423555059584,0.4560003983481878,-0.05066718108355417,0.4383699680185003,-0.026177259598625824,0.46136133578119687,nan,nan,nan,nan,nan,nan,nan,nan,0.890625,0.46875,0.640625,0.375,0.984375,0.0,1.1996153487238237,4.093194084124156,0.10939150332351685,0.18452310592054816,0.1797915006417674,0.21790722913602648,0.07749438857717905,0.4781069057427061,0.07163750674590119,0.5214211894630822,0.023958475981999072,0.49158742121119214,0.16666666666666666,0.08333333333333333,0.75,0.25,0.0,0.08333333333333333,0.08333333333333333,0.0,0.16666666666666666,0.16666666666666666,0.16666666666666666,0.0,0.0,0.0,0.75,552.5,0.0,0.08333333333333333,1.0,0.08333333333333333,0.5,0.9166666666666666,0.0,0.0,0.16666666666666666,0.0,0.0,1361.8688691501748,0.9460036691415917,1.0,0.08333333333333333,0.8333333333333334,1.0,0.08333333333333333,0.08333333333333333,0.5,0.08333333333333333,1.0,1361.8688691501748,0.5820368278155991
32,4096,blue,1,nan,nan,nan,nan,nan,nan,nan,nan,nan,nan,-7.568951696157455e-05,2.751410722732544,0.0001377142034471035,0.0,0.8261292278766632,-1.6763806343078613e-08,0.9999999403953552,1.0,0.006083802552893758,0.12491177767515182,red,0,False,2,0,1,-10.0,0.0,307.0,0.0,1.0,0.0,1.0,0.0,0.0,0.0,1.0,0.0,1.0,1.0,0.0,0.0,0.0,0.0,6,6,5,3,3,1.0,1.0,0.0,1.0,0.0,1.0,0.0,0.0,0.8671875,0.515625,0.5859375,0.34375,0.9765625,0.0,1.249864798580044,4.456376600028093,0.09677784515880172,0.1800016465921626,0.14497702506496365,0.19857894678932533,0.08235085068736225,0.466184303469652,0.08073121713096043,0.4620139706885867,-0.11352118873219297,0.48311085397144427,1.0,1.0,1.0,1.0,0.0,1.0,0.0,0.0,0.8515625,0.5234375,0.5078125,0.28125,0.9609375,0.0,1.0452845359052487,4.199052511031883,0.10952166132543317,0.18506013465735052,0.1725034917157569,0.2155383348622378,0.21340685494988065,0.4691540555909507,0.09167549993617286,0.4629052198829866,-0.0514724504428159,0.4492793091141299,0.0,0.08333333333333333,0.9166666666666666,0.08333333333333333,0.0,0.08333333333333333,0.08333333333333333,0.0,0.0,0.0,0.0,0.0,0.0,0.0,0.9166666666666666,552.8333333333334,0.0,0.08333333333333333,1.0,0.08333333333333333,0.5,0.9166666666666666,0.0,0.0,0.16666666666666666,0.0,0.0,1342.084186175219,0.9280761709712108,1.0,0.08333333333333333,0.8333333333333334,1.0,0.08333333333333333,0.08333333333333333,0.5,0.08333333333333333,1.0,1342.084186175219,0.5572921784676361
33,4224,red,2,-0.001238631084561348,2.765503406524658,0.0001908650156110525,0.0,0.4973306655883789,5.587935447692871e-09,0.9999999403953552,1.0,0.3007647693157196,0.82463738322258,nan,nan,nan,nan,nan,nan,nan,nan,nan,nan,blue,1,True,2,1,,nan,nan,nan,nan,nan,nan,nan,nan,nan,nan,nan,nan,nan,nan,nan,nan,nan,nan,7,6,6,4,3,nan,nan,nan,nan,nan,nan,nan,nan,0.8671875,0.6875,0.65625,0.0,0.984375,0.0,7.892991815694472e-17,8.881784197001252e-16,0.13016175096971963,0.19708458018353298,0.18439360872556126,0.22654267597739636,0.07389708801929373,0.4821317752925475,0.14435944063370698,0.4884769374078149,0.29320566669048276,0.44074663080223914,nan,nan,nan,nan,nan,nan,nan,nan,0.859375,0.5859375,0.65625,0.0390625,0.9609375,0.0,0.011378898578263378,8.881784197001252e-16,0.10358944631826836,0.19077868697236425,0.16118132769408755,0.21543881946868254,0.04200213678996079,0.46561445287041225,0.028832182623773406,0.42217928712163305,0.05627044568245765,0.494488687942492,0.0,0.08333333333333333,0.9166666666666666,0.08333333333333333,0.0,0.08333333333333333,0.08333333333333333,0.0,0.0,0.0,0.0,0.0,0.0,0.0,0.9166666666666666,552.8333333333334,0.0,0.08333333333333333,1.0,0.08333333333333333,0.5,0.9166666666666666,0.0,0.0,0.16666666666666666,0.0,0.0,1342.084186175219,0.9280761709712108,1.0,0.08333333333333333,0.8333333333333334,1.0,0.08333333333333333,0.08333333333333333,0.5,0.08333333333333333,1.0,1342.084186175219,0.5572921784676361
34,4352,red,2,-0.0004399241879582405,2.7659798860549927,0.00015517370775341988,0.0,0.6920855343341827,-2.0489096641540527e-08,0.9999998807907104,1.0,2.0836113691329956,0.45292916893959045,nan,nan,nan,nan,nan,nan,nan,nan,nan,nan,blue,1,True,2,1,,-10.0,10.0,67.0,0.0,1.0,0.0,1.0,0.0,1.0,1.0,0.0,0.0,0.0,0.0,0.0,0.0,0.0,0.0,7,7,6,4,3,1.0,1.0,0.0,0.0,0.0,0.0,0.0,0.0,0.84375,0.7265625,0.6328125,0.0,0.984375,0.0,3.642919299551295e-17,1.4432899320126846e-16,0.13301115445648448,0.20091255566318394,0.18842589388666758,0.23388830603659888,0.06501127910087234,0.49557106548456137,0.14939022932776425,0.4496797990193429,0.24095901365217287,0.44323621257805307,1.0,1.0,1.0,1.0,1.0,1.0,1.0,1.0,0.7890625,0.671875,0.640625,0.171875,0.9453125,0.0,0.363697046478864,2.7454718062703263,0.10632453704023831,0.18558651998442022,0.15071622192583226,0.20705626154918852,0.010097792694978125,0.45220909437403406,0.05456314862385625,0.4567351278977495,0.0130969875244773,0.46343884320652085,0.0,0.08333333333333333,0.9166666666666666,0.08333333333333333,0.0,0.08333333333333333,0.08333333333333333,0.0,0.0,0.0,0.0,0.0,0.0,0.0,0.9166666666666666,552.8333333333334,0.0,0.08333333333333333,1.0,0.08333333333333333,0.5,0.9166666666666666,0.0,0.0,0.16666666666666666,0.0,0.0,1342.084186175219,0.9280761709712108,1.0,0.08333333333333333,0.8333333333333334,1.0,0.08333333333333333,0.08333333333333333,0.5,0.08333333333333333,1.0,1342.084186175219,0.5572921784676361
35,4480,red,2,0.0010456237941980362,2.7663527727127075,5.764537490904331e-05,0.0,0.7640411555767059,-1.1175870895385742e-08,0.9999997019767761,1.0,0.0027950678486377,0.07173410430550575,nan,nan,nan,nan,nan,nan,nan,nan,nan,nan,blue,1,True,2,1,,nan,nan,nan,nan,nan,nan,nan,nan,nan,nan,nan,nan,nan,nan,nan,nan,nan,nan,7,7,6,4,3,nan,nan,nan,nan,nan,nan,nan,nan,0.84375,0.671875,0.6796875,0.09375,0.9921875,0.0,0.041447148209188184,0.41836025216665595,0.13872428566730804,0.20184674417497248,0.19992341626255175,0.23770561195893655,0.17060802603646152,0.4668529212119379,0.15912509569807298,0.4902573694185174,0.20557968503908342,0.4913095225354281,nan,nan,nan,nan,nan,nan,nan,nan,0.8203125,0.5,0.671875,0.390625,0.9609375,0.0,1.1588102739077006,4.28064524362528,0.09702628371087338,0.18262383808992408,0.14610088843568703,0.20763372176603767,0.16058941745359334,0.4610209037963781,0.037406295001346734,0.45762097719724265,-0.021582127861620393,0.5280730595062194,0.0,0.08333333333333333,0.9166666666666666,0.08333333333333333,0.0,0.08333333333333333,0.08333333333333333,0.0,0.0,0.0,0.0,0.0,0.0,0.0,0.9166666666666666,552.9166666666666,0.0,0.08333333333333333,1.0,0.08333333333333333,0.5,0.9166666666666666,0.0,0.0,0.16666666666666666,0.0,0.0,1339.385513958321,0.92013496483743,1.0,0.08333333333333333,0.8333333333333334,1.0,0.08333333333333333,0.08333333333333333,0.5,0.08333333333333333,1.0,1339.385513958321,0.5540202183969604
36,4608,red,2,-0.00054144486784935,2.7667073011398315,2.445792779326439e-05,0.0,0.3707786053419113,-2.7939677238464355e-09,0.9999979138374329,1.0,6.274430961639155e-05,0.014930152799934149,nan,nan,nan,nan,nan,nan,nan,nan,nan,nan,blue,1,True,2,1,,nan,nan,nan,nan,nan,nan,nan,nan,nan,nan,nan,nan,nan,nan,nan,nan,nan,nan,7,7,6,4,3,nan,nan,nan,nan,nan,nan,nan,nan,0.890625,0.734375,0.609375,0.140625,0.9765625,0.0,0.04395124323161864,0.3639323066888866,0.1566611133776311,0.20684308720248482,0.21884375110934542,0.24633360269215498,0.12494464350311318,0.474040024375276,0.20216835405426536,0.4330331173194927,0.20291239275684347,0.4730400881681164,nan,nan,nan,nan,nan,nan,nan,nan,0.84375,0.453125,0.5859375,0.34375,0.953125,0.0,1.1347767275702436,4.1840008197732645,0.08902981767111245,0.18066643979438837,0.1478460026040107,0.20858230131559383,0.1894118010195598,0.46002097050204493,-0.04519917272045859,0.45378558739974034,0.003732496175871347,0.48073301313562095,0.0,0.08333333333333333,0.9166666666666666,0.08333333333333333,0.0,0.08333333333333333,0.08333333333333333,0.0,0.0,0.0,0.0,0.0,0.0,0.0,0.9166666666666666,552.9166666666666,0.0,0.08333333333333333,1.0,0.08333333333333333,0.5,0.9166666666666666,0.0,0.0,0.16666666666666666,0.0,0.0,1339.385513958321,0.92013496483743,1.0,0.08333333333333333,0.8333333333333334,1.0,0.08333333333333333,0.08333333333333333,0.5,0.08333333333333333,1.0,1339.385513958321,0.5540202183969604
37,4736,red,2,-0.0011427998542785645,2.766866445541382,6.363471038639545e-05,0.0,1.2388105988502502,9.313225746154785e-09,0.9999986886978149,1.0,0.00010847311932593584,0.01913214474916458,nan,nan,nan,nan,nan,nan,nan,nan,nan,nan,blue,1,True,2,1,,nan,nan,nan,nan,nan,nan,nan,nan,nan,nan,nan,nan,nan,nan,nan,nan,nan,nan,7,7,6,4,3,nan,nan,nan,nan,nan,nan,nan,nan,0.8671875,0.734375,0.5,0.1328125,0.984375,0.0,0.06587855381154284,0.6126974913756311,0.15788183734312536,0.2103169065221999,0.22436578558315615,0.253218963014014,-0.013684715893759858,0.43996581587004935,0.24944982118540793,0.4372466992076905,0.25135584549207124,0.47927963768137066,nan,nan,nan,nan,nan,nan,nan,nan,0.8828125,0.3671875,0.6328125,0.578125,0.984375,0.0,2.19957853001298,4.70134600285114,0.080625554466792,0.17298576072683755,0.1450431978582344,0.20567029923415456,0.14776613226422342,0.4934117882880289,0.0060819164536951575,0.5002574813841273,-0.17370498793025035,0.44729338283216763,0.0,0.08333333333333333,0.9166666666666666,0.08333333333333333,0.0,0.08333333333333333,0.08333333333333333,0.0,0.0,0.0,0.0,0.0,0.0,0.0,0.9166666666666666,552.9166666666666,0.0,0.08333333333333333,1.0,0.08333333333333333,0.5,0.9166666666666666,0.0,0.0,0.16666666666666666,0.0,0.0,1339.385513958321,0.92013496483743,1.0,0.08333333333333333,0.8333333333333334,1.0,0.08333333333333333,0.08333333333333333,0.5,0.08333333333333333,1.0,1339.385513958321,0.5540202183969604
38,4864,red,2,0.00025370437651872635,2.7669639587402344,3.542052581906319e-05,0.0,0.9052298963069916,-2.2817403078079224e-08,0.9999995827674866,1.0,0.0013380063464865088,0.05724012292921543,nan,nan,nan,nan,nan,nan,nan,nan,nan,nan,blue,1,True,2,1,,4.800000004470348,-16.97500016540289,340.0,1.0,0.0,0.0,1.0,0.0,0.0,0.0,0.0,1.0,1.0,1.0,0.0,0.0,0.0,0.0,7,7,7,4,3,1.0,0.0,1.0,1.0,0.0,0.0,1.0,0.0,0.828125,0.671875,0.390625,0.09375,1.0,0.0,0.08224284403929694,1.0780759796899781,0.14871994804728284,0.21052703360377373,0.2072156291212407,0.2539948994462942,0.046611502628366,0.4908400856239109,0.23697709500675046,0.4634102424976188,0.2871526146227552,0.4687160155753099,1.0,0.0,0.0,1.0,0.0,0.0,0.0,0.0,0.875,0.4921875,0.6328125,0.3671875,0.96875,0.0,1.2803917952944097,4.40936090452825,0.0944756259206799,0.18201237232801157,0.15539869107708076,0.20521611572458529,0.23503828368120594,0.4360074765092148,0.01674065467886976,0.4630448113191935,-0.12538853015394125,0.48150268063286444,0.0,0.08333333333333333,0.9166666666666666,0.08333333333333333,0.0,0.08333333333333333,0.08333333333333333,0.0,0.0,0.0,0.0,0.0,0.0,0.0,0.9166666666666666,552.9166666666666,0.0,0.08333333333333333,1.0,0.08333333333333333,0.5,0.9166666666666666,0.0,0.0,0.16666666666666666,0.0,0.0,1339.385513958321,0.92013496483743,1.0,0.08333333333333333,0.8333333333333334,1.0,0.08333333333333333,0.08333333333333333,0.5,0.08333333333333333,1.0,1339.385513958321,0.5540202183969604
39,4992,red,2,-0.00031976960599422455,2.766799211502075,1.2974371202290058e-05,0.0,0.720130205154419,-8.381903171539307e-09,1.0,1.0,0.1845785453915596,0.5604737997055054,nan,nan,nan,nan,nan,nan,nan,nan,nan,nan,blue,1,True,2,1,,0.0,-10.0,331.0,1.0,0.0,0.0,1.0,0.0,0.0,0.0,0.0,1.0,1.0,1.0,0.0,0.0,0.0,0.0,8,7,7,4,4,1.0,1.0,1.0,1.0,0.0,1.0,0.0,0.0,0.8515625,0.6953125,0.53125,0.0390625,0.9921875,0.0,0.04886684865446697,8.881784197001252e-16,0.13431975446391958,0.20251636702962325,0.1854658772791975,0.24057344549742993,0.015769170393468812,0.4844785198683598,0.21352844269495108,0.4645241374624514,0.27646189592178416,0.4217522084348963,1.0,1.0,1.0,1.0,0.0,1.0,0.0,0.0,0.8515625,0.6796875,0.5625,0.1640625,0.96875,0.0,0.3284867349824251,1.4966240930395833,0.11828500632699682,0.19127720604668957,0.16795006394871204,0.2163220353285339,0.10954179074906278,0.4781372854557454,0.13872943516162195,0.49340383437612423,0.05852495925864787,0.45404750994677784,0.0,0.08333333333333333,0.9166666666666666,0.08333333333333333,0.0,0.08333333333333333,0.08333333333333333,0.0,0.0,0.0,0.0,0.0,0.0,0.0,0.9166666666666666,552.9166666666666,0.0,0.08333333333333333,1.0,0.08333333333333333,0.5,0.9166666666666666,0.0,0.0,0.16666666666666666,0.0,0.0,1339.385513958321,0.92013496483743,1.0,0.08333333333333333,0.8333333333333334,1.0,0.08333333333333333,0.08333333333333333,0.5,0.08333333333333333,1.0,1339.385513958321,0.5540202183969604
40,5120,red,2,-0.000672350637614727,2.766561985015869,1.9597355276346207e-05,0.0,0.6562354266643524,2.9802322387695312e-08,0.9999999403953552,1.0,0.03493855148553848,0.33083534240722656,nan,nan,nan,nan,nan,nan,nan,nan,nan,nan,blue,1,True,2,1,,nan,nan,nan,nan,nan,nan,nan,nan,nan,nan,nan,nan,nan,nan,nan,nan,nan,nan,8,7,7,4,4,nan,nan,nan,nan,nan,nan,nan,nan,0.8828125,0.6875,0.6328125,0.0546875,0.984375,0.0,0.014058726462351036,0.00908477852187756,0.1355614339223235,0.20471038712480752,0.2002581198016102,0.2419132668838787,-0.018334682656131918,0.5299479909016999,0.07576671459901263,0.4488083509016987,0.2979063408856746,0.4516701724241639,nan,nan,nan,nan,nan,nan,nan,nan,0.8984375,0.7421875,0.6171875,0.1640625,0.9921875,0.0,0.22569208610766178,1.8785330112832466,0.12575157567960274,0.1936784340453627,0.18513732699370813,0.22135533065531476,0.14426390772132436,0.48124781228936475,0.08630776501559012,0.4864216489464258,0.13704062932811212,0.45334671579747815,0.0,0.08333333333333333,0.9166666666666666,0.08333333333333333,0.0,0.08333333333333333,0.08333333333333333,0.0,0.0,0.0,0.0,0.0,0.0,0.0,0.9166666666666666,552.9166666666666,0.0,0.08333333333333333,1.0,0.08333333333333333,0.5,0.9166666666666666,0.0,0.0,0.16666666666666666,0.0,0.0,1381.9014992484235,0.9435039457382041,1.0,0.08333333333333333,1.0,1.0,0.08333333333333333,0.08333333333333333,0.6666666666666666,0.08333333333333333,1.0,1381.9014992484235,0.6211073287445671
41,5248,red,2,-0.0014557410031557083,2.766367793083191,0.00013681850396096706,0.0,0.5538897514343262,7.450580596923828e-09,0.9999996423721313,1.0,0.00178707909071818,0.051477959379553795,nan,nan,nan,nan,nan,nan,nan,nan,nan,nan,blue,1,True,2,1,,nan,nan,nan,nan,nan,nan,nan,nan,nan,nan,nan,nan,nan,nan,nan,nan,nan,nan,8,7,7,4,4,nan,nan,nan,nan,nan,nan,nan,nan,0.859375,0.6171875,0.6640625,0.0625,0.984375,0.0,0.07535676608481556,1.126435099590346,0.14383797179102478,0.2092616247244458,0.21053347125624838,0.25024736812997295,0.02204722631176992,0.491620613589477,0.19309672421513824,0.3903714502747191,0.33901060921880344,0.4415655412164303,nan,nan,nan,nan,nan,nan,nan,nan,0.8828125,0.6796875,0.5390625,0.28125,1.0,0.0,0.4550116095594908,2.4150169188167916,0.12383833823109491,0.18913437149258608,0.1818695372128132,0.217861093376654,0.19907124695328093,0.4667161861181678,0.07717729135038098,0.4659877334941455,0.05269711297296453,0.46129176636815833,0.0,0.08333333333333333,0.9166666666666666,0.08333333333333333,0.0,0.08333333333333333,0.08333333333333333,0.0,0.0,0.0,0.0,0.0,0.0,0.0,0.9166666666666666,552.9166666666666,0.0,0.08333333333333333,1.0,0.08333333333333333,0.5,0.9166666666666666,0.0,0.0,0.16666666666666666,0.0,0.0,1381.9014992484235,0.9435039457382041,1.0,0.08333333333333333,1.0,1.0,0.08333333333333333,0.08333333333333333,0.6666666666666666,0.08333333333333333,1.0,1381.9014992484235,0.6211073287445671
42,5376,red,2,-0.003145047463476658,2.766293525695801,0.00045971013605594635,0.0,1.1980798840522766,2.3283064365386963e-08,0.999999463558197,1.0,0.000516984800924547,0.03477914724498987,nan,nan,nan,nan,nan,nan,nan,nan,nan,nan,blue,1,True,2,1,,nan,nan,nan,nan,nan,nan,nan,nan,nan,nan,nan,nan,nan,nan,nan,nan,nan,nan,8,7,7,4,4,nan,nan,nan,nan,nan,nan,nan,nan,0.8046875,0.7421875,0.359375,0.171875,0.9921875,0.0,0.11651587950762655,0.8268685625978996,0.15703861301954494,0.2099653930334068,0.21827054314080385,0.2534632237933518,0.012771176479873247,0.44585415964071723,0.21018798854311171,0.5043535569363076,0.20560115457919892,0.47649464928166074,nan,nan,nan,nan,nan,nan,nan,nan,0.90625,0.5078125,0.6796875,0.375,0.9921875,0.0,1.0278563654671928,3.7345770322368765,0.12309074297291889,0.19047696219365082,0.19008499220246888,0.22182539334466642,0.1410969061398646,0.4941431637887052,0.0767201916751219,0.46775884102475374,0.018743550815997878,0.5090221133678026,0.0,0.08333333333333333,0.9166666666666666,0.08333333333333333,0.0,0.08333333333333333,0.08333333333333333,0.0,0.0,0.0,0.0,0.0,0.0,0.0,0.9166666666666666,552.9166666666666,0.0,0.08333333333333333,1.0,0.08333333333333333,0.5,0.9166666666666666,0.0,0.0,0.16666666666666666,0.0,0.0,1381.9014992484235,0.9435039457382041,1.0,0.08333333333333333,1.0,1.0,0.08333333333333333,0.08333333333333333,0.6666666666666666,0.08333333333333333,1.0,1381.9014992484235,0.6211073287445671
43,5504,red,2,-0.0003651771694421768,2.7660943269729614,0.00029099942184984684,0.0,0.7508738338947296,1.7229467630386353e-08,0.9999992251396179,1.0,0.0003191493306076154,0.032479957677423954,nan,nan,nan,nan,nan,nan,nan,nan,nan,nan,blue,1,True,2,1,,0.0,-10.0,354.0,1.0,0.0,0.0,1.0,0.0,0.0,0.0,0.0,1.0,1.0,1.0,0.0,0.0,0.0,0.0,8,8,7,4,4,1.0,1.0,0.0,1.0,0.0,1.0,0.0,0.0,0.8671875,0.6796875,0.2421875,0.1796875,1.0,0.0,0.14646161745919467,0.8920085953082322,0.1500178471371131,0.21050498873523626,0.22680755781975973,0.2555661697379951,-0.11115776930819266,0.48787010372577266,0.19947747841797536,0.4434279080769506,0.2507827301760699,0.4860957921736009,1.0,1.0,1.0,1.0,1.0,1.0,0.0,0.0,0.8359375,0.5078125,0.59375,0.453125,0.9375,0.0,1.5054245556820458,4.48989681042585,0.10197480954010743,0.18816927831417385,0.16634797401159163,0.22063617146232187,0.11267509871686343,0.436085597835299,0.08027808023689431,0.44174363983251885,-0.11802551986238541,0.49168390073339563,0.0,0.08333333333333333,0.9166666666666666,0.08333333333333333,0.0,0.08333333333333333,0.08333333333333333,0.0,0.0,0.0,0.0,0.0,0.0,0.0,0.9166666666666666,552.9166666666666,0.0,0.08333333333333333,1.0,0.08333333333333333,0.5,0.9166666666666666,0.0,0.0,0.16666666666666666,0.0,0.0,1381.9014992484235,0.9435039457382041,1.0,0.08333333333333333,1.0,1.0,0.08333333333333333,0.08333333333333333,0.6666666666666666,0.08333333333333333,1.0,1381.9014992484235,0.6211073287445671
44,5632,red,2,-0.0019548945128917694,2.765804886817932,0.00028664793353527784,0.0,1.0031813383102417,-4.190951585769653e-09,0.9999995231628418,1.0,0.00038496515480801463,0.03600876219570637,nan,nan,nan,nan,nan,nan,nan,nan,nan,nan,blue,1,True,2,1,,nan,nan,nan,nan,nan,nan,nan,nan,nan,nan,nan,nan,nan,nan,nan,nan,nan,nan,8,8,7,4,4,nan,nan,nan,nan,nan,nan,nan,nan,0.9140625,0.703125,0.4609375,0.0546875,0.9921875,0.0,0.0474197594153759,0.4658452053016872,0.1545183475538427,0.21071583835313187,0.21042659784290507,0.2559887425023956,0.023267048651177902,0.5047800923638875,0.3222027401498053,0.36555488659794455,0.36233636097676936,0.4554874734259603,nan,nan,nan,nan,nan,nan,nan,nan,0.8828125,0.703125,0.609375,0.2109375,1.0,0.0,0.486575588213547,2.790311321076793,0.12698650616984372,0.18767983895244422,0.1795763221334118,0.21975661541342587,0.2383213125358452,0.49933377255468103,0.10914511441706054,0.4963622156955121,0.07012294579908485,0.4907631370328741,0.0,0.08333333333333333,0.9166666666666666,0.08333333333333333,0.0,0.08333333333333333,0.08333333333333333,0.0,0.0,0.0,0.0,0.0,0.0,0.0,0.9166666666666666,552.9166666666666,0.0,0.08333333333333333,1.0,0.08333333333333333,0.5,0.9166666666666666,0.0,0.0,0.16666666666666666,0.0,0.0,1381.9014992484235,0.9435039457382041,1.0,0.08333333333333333,1.0,1.0,0.08333333333333333,0.08333333333333333,0.6666666666666666,0.08333333333333333,1.0,1381.9014992484235,0.6211073287445671
45,5760,red,2,-0.0017365817911922932,2.7654051780700684,0.00033230637200176716,0.0,0.9508273601531982,8.381903171539307e-09,0.9999995231628418,1.0,0.0004912088479613885,0.04118003696203232,nan,nan,nan,nan,nan,nan,nan,nan,nan,nan,blue,1,True,2,1,,nan,nan,nan,nan,nan,nan,nan,nan,nan,nan,nan,nan,nan,nan,nan,nan,nan,nan,8,8,7,4,4,nan,nan,nan,nan,nan,nan,nan,nan,0.90625,0.78125,0.3203125,0.0390625,1.0,0.0,0.033868103311723526,8.881784197001252e-16,0.16146731180095794,0.21052811013693454,0.22242661206166492,0.2552433959256794,0.08949504463816993,0.5138626968687178,0.20838223986174853,0.5032523939766809,0.23857218740522512,0.44687911895071736,nan,nan,nan,nan,nan,nan,nan,nan,0.8984375,0.6015625,0.578125,0.296875,1.0,0.0,0.7322117753360827,3.668141933315383,0.1224236731805534,0.1853871125647025,0.18453619928512038,0.21768013499885439,0.30648662184648856,0.44797742696721504,0.05016057064221968,0.48574611795611605,0.04404389415140031,0.45541945508754844,0.0,1.0,0.0,1.0,0.0,0.08333333333333333,0.08333333333333333,0.9166666666666666,0.0,0.9166666666666666,0.9166666666666666,0.0,0.0,0.0,0.0,385.9166666666667,0.0,0.08333333333333333,1.0,0.08333333333333333,0.5,0.9166666666666666,0.0,0.0,0.16666666666666666,0.0,0.0,1370.1989192033816,0.9140255818505624,1.0,0.08333333333333333,0.8333333333333334,1.0,0.08333333333333333,0.08333333333333333,0.5,0.08333333333333333,1.0,1370.1989192033816,0.6490138916537332
46,5888,red,2,-0.0008818842470645905,2.7651219367980957,0.00026522320695221424,0.0,0.6882042586803436,4.842877388000488e-08,0.999999463558197,1.0,0.0005243963096290827,0.03890949860215187,nan,nan,nan,nan,nan,nan,nan,nan,nan,nan,blue,1,True,2,1,,-4.725000101141632,-6.61000001989305,435.0,1.0,0.0,0.0,1.0,0.0,0.0,0.0,0.0,1.0,1.0,1.0,0.0,0.0,0.0,0.0,8,8,8,4,4,1.0,0.0,0.0,1.0,0.0,0.0,0.0,0.0,0.8046875,0.6953125,0.609375,0.0,1.0,0.0,6.930762387613587e-17,8.881784197001252e-16,0.14914897959225862,0.20402572999853225,0.19704450997122264,0.2396350589610296,6.091746945457999e-05,0.4907566055863814,0.22959503246238455,0.4545313523472913,0.2967429375230495,0.4540837879066344,1.0,0.0,1.0,1.0,0.0,0.0,1.0,0.0,0.8359375,0.6640625,0.4609375,0.2109375,0.984375,0.0,0.3494523878074138,2.7895926440292858,0.11458663406738681,0.18397023687695563,0.165868366661223,0.2157144300292861,0.14721165035211925,0.4697553678370739,0.08183207083493471,0.47484576053155436,0.007974726060638204,0.4261559281310465,0.0,1.0,0.0,1.0,0.0,0.08333333333333333,0.08333333333333333,0.9166666666666666,0.0,0.9166666666666666,0.9166666666666666,0.0,0.0,0.0,0.0,385.9166666666667,0.0,0.08333333333333333,1.0,0.08333333333333333,0.5,0.9166666666666666,0.0,0.0,0.16666666666666666,0.0,0.0,1370.1989192033816,0.9140255818505624,1.0,0.08333333333333333,0.8333333333333334,1.0,0.08333333333333333,0.08333333333333333,0.5,0.08333333333333333,1.0,1370.1989192033816,0.6490138916537332
47,6016,red,2,-0.0016458812169730663,2.7650351524353027,0.00019397027790546417,0.0,0.8417089879512787,-1.0710209608078003e-08,0.9999996423721313,1.0,0.0012097885482944548,0.06052330322563648,nan,nan,nan,nan,nan,nan,nan,nan,nan,nan,blue,1,True,2,1,,nan,nan,nan,nan,nan,nan,nan,nan,nan,nan,nan,nan,nan,nan,nan,nan,nan,nan,8,8,8,4,4,nan,nan,nan,nan,nan,nan,nan,nan,0.8515625,0.7578125,0.6171875,0.0,1.0,0.0,6.440160904563896e-17,7.327471962525995e-16,0.1577152280954855,0.21047216614244915,0.21465584440100138,0.25183612598779215,-0.027113575401017442,0.4867019201729011,0.19727638742915587,0.43454427745877705,0.3270509156754997,0.4038869074808087,nan,nan,nan,nan,nan,nan,nan,nan,0.8515625,0.609375,0.6328125,0.3828125,0.9921875,0.0,0.7954972060776153,3.3213807926303844,0.11624618720503305,0.18035121109458233,0.16132535110733803,0.21206039463090995,0.19573731309515097,0.4984115283977586,0.12145932076964527,0.4598114378823335,-0.03495335042998704,0.5037133049690011,0.0,1.0,0.0,1.0,0.0,0.08333333333333333,0.08333333333333333,0.9166666666666666,0.0,0.9166666666666666,0.9166666666666666,0.0,0.0,0.0,0.0,385.9166666666667,0.0,0.08333333333333333,1.0,0.08333333333333333,0.5,0.9166666666666666,0.0,0.0,0.16666666666666666,0.0,0.0,1370.1989192033816,0.9140255818505624,1.0,0.08333333333333333,0.8333333333333334,1.0,0.08333333333333333,0.08333333333333333,0.5,0.08333333333333333,1.0,1370.1989192033816,0.6490138916537332
48,6144,red,2,-0.005736750550568104,2.7650537490844727,0.0005778425838798285,0.0,1.1956164240837097,4.6566128730773926e-09,0.9999997615814209,1.0,0.0018604393117129803,0.07736121118068695,nan,nan,nan,nan,nan,nan,nan,nan,nan,nan,blue,1,True,2,1,2,nan,nan,nan,nan,nan,nan,nan,nan,nan,nan,nan,nan,nan,nan,nan,nan,nan,nan,8,8,8,4,4,nan,nan,nan,nan,nan,nan,nan,nan,0.8671875,0.734375,0.3359375,0.0,0.9921875,0.0,7.680217139344192e-17,7.327471962525995e-16,0.1544789355705243,0.213358129607164,0.22485541597517794,0.2576401140552937,-0.12620706775214785,0.4696641068948936,0.11651396242268675,0.49489471369245147,0.34632901431587015,0.42012104904828146,nan,nan,nan,nan,nan,nan,nan,nan,0.9296875,0.609375,0.53125,0.3203125,1.0,0.0,0.8714531983031489,3.827138461045528,0.11801020820488799,0.17986076144203222,0.17847861620936883,0.2138450361346589,0.1973608507832978,0.4784688401814362,0.13547444156938582,0.4455149733154524,0.0354791922000004,0.47131970033516607,0.0,0.08333333333333333,0.9166666666666666,0.08333333333333333,0.0,0.08333333333333333,0.08333333333333333,0.0,0.0,0.0,0.0,0.0,0.0,0.0,0.9166666666666666,553.0,0.0,0.08333333333333333,1.0,0.08333333333333333,0.5,0.9166666666666666,0.0,0.0,0.16666666666666666,0.0,0.0,1398.4176646113092,0.9570112534434156,1.0,0.08333333333333333,1.0,1.0,0.08333333333333333,0.08333333333333333,0.6666666666666666,0.08333333333333333,1.0,1398.4176646113092,0.6615321643278451
49,6272,blue,3,nan,nan,nan,nan,nan,nan,nan,nan,nan,nan,-0.002187145873904228,2.7511799335479736,0.0001258188858628273,0.0,0.795196533203125,2.3283064365386963e-08,1.0,1.0,0.14814064651727676,0.5964365899562836,red,0,False,3,1,,nan,nan,nan,nan,nan,nan,nan,nan,nan,nan,nan,nan,nan,nan,nan,nan,nan,nan,9,9,8,5,4,nan,nan,nan,nan,nan,nan,nan,nan,0.84375,0.7265625,0.609375,0.1171875,0.984375,0.0,0.059587240975425025,0.4604403525441669,0.10942627154833112,0.18767529764431953,0.1664935792891995,0.21053062980144424,0.20537450619485753,0.43986089336903367,-0.03767003289794957,0.4800030579436479,0.024209821909607854,0.5074278533502453,nan,nan,nan,nan,nan,nan,nan,nan,0.8515625,0.71875,0.578125,0.0234375,0.9921875,0.0,0.014809174391012413,8.881784197001252e-16,0.10944155492950594,0.18435951857611182,0.16304130090844457,0.2051012537810994,0.07997114148383844,0.460259282935881,0.027898845361050917,0.440765575127755,0.03715364344702721,0.47166564267892175,0.0,0.08333333333333333,0.9166666666666666,0.08333333333333333,0.0,0.08333333333333333,0.08333333333333333,0.0,0.0,0.0,0.0,0.0,0.0,0.0,0.9166666666666666,553.0,0.0,0.08333333333333333,1.0,0.08333333333333333,0.5,0.9166666666666666,0.0,0.0,0.16666666666666666,0.0,0.0,1398.4176646113092,0.9570112534434156,1.0,0.08333333333333333,1.0,1.0,0.08333333333333333,0.08333333333333333,0.6666666666666666,0.08333333333333333,1.0,1398.4176646113092,0.6615321643278451
50,6400,blue,3,nan,nan,nan,nan,nan,nan,nan,nan,nan,nan,0.00020944979041814804,2.750988721847534,0.00013976357877254486,0.0,0.7592097520828247,-1.2293457984924316e-07,0.9999994039535522,1.0,0.0011990195198450238,0.08314027637243271,red,0,False,3,1,,nan,nan,nan,nan,nan,nan,nan,nan,nan,nan,nan,nan,nan,nan,nan,nan,nan,nan,9,9,8,5,4,nan,nan,nan,nan,nan,nan,nan,nan,0.8515625,0.609375,0.53125,0.453125,0.9609375,0.0,1.116118321916396,3.8850305972077064,0.09417295924478084,0.1739466272681204,0.14688980903363674,0.19623518292656056,0.13200104545785507,0.47220188164709376,-0.031717108692646434,0.49757099757455664,-0.09882980548718479,0.4526546861802478,nan,nan,nan,nan,nan,nan,nan,nan,0.890625,0.71875,0.59375,0.3125,0.9765625,0.0,0.533522792589229,2.7275864624285937,0.1097991706171943,0.18233810463770692,0.16341582353428125,0.20498916953899016,0.13551221541274572,0.49345709380891273,-0.008179768879926996,0.4932757658968073,-0.022931681062118514,0.4874593547826119,0.0,0.08333333333333333,0.9166666666666666,0.08333333333333333,0.0,0.08333333333333333,0.08333333333333333,0.0,0.0,0.0,0.0,0.0,0.0,0.0,0.9166666666666666,553.0,0.0,0.08333333333333333,1.0,0.08333333333333333,0.5,0.9166666666666666,0.0,0.0,0.16666666666666666,0.0,0.0,1390.7750191948528,0.9549439986161082,1.0,0.08333333333333333,1.0,1.0,0.08333333333333333,0.08333333333333333,1.0,0.08333333333333333,1.0,1390.7750191948528,0.6418983361378763
51,6528,blue,3,nan,nan,nan,nan,nan,nan,nan,nan,nan,nan,-0.0020493045449256897,2.7507500648498535,0.00015464099124073982,0.0,0.832817405462265,-5.960464477539063e-08,0.9999996423721313,1.0,0.002581368898972869,0.13294369727373123,red,0,False,3,1,,nan,nan,nan,nan,nan,nan,nan,nan,nan,nan,nan,nan,nan,nan,nan,nan,nan,nan,9,9,8,5,4,nan,nan,nan,nan,nan,nan,nan,nan,0.859375,0.3828125,0.53125,0.4453125,0.9609375,0.0,1.501610877744597,4.186807872296893,0.08924395533206242,0.16556889284288626,0.14161967946952947,0.1914767836486145,0.12359591424865357,0.4450261409019829,0.05836851127969567,0.4646850151720314,-0.08551035658456385,0.470589506570274,nan,nan,nan,nan,nan,nan,nan,nan,0.828125,0.59375,0.625,0.3671875,0.984375,0.0,0.8896173098194404,3.225218470981936,0.11091709439597862,0.17449022277292434,0.15636808235593724,0.20325267988308934,0.08532066092857349,0.44118565978903906,0.16016380592918722,0.4157862457843673,0.014874099077132996,0.484797345641896,0.0,0.08333333333333333,0.9166666666666666,0.08333333333333333,0.0,0.08333333333333333,0.08333333333333333,0.0,0.0,0.0,0.0,0.0,0.0,0.0,0.9166666666666666,553.0,0.0,0.08333333333333333,1.0,0.08333333333333333,0.5,0.9166666666666666,0.0,0.0,0.16666666666666666,0.0,0.0,1390.7750191948528,0.9549439986161082,1.0,0.08333333333333333,1.0,1.0,0.08333333333333333,0.08333333333333333,1.0,0.08333333333333333,1.0,1390.7750191948528,0.6418983361378763
52,6656,blue,3,nan,nan,nan,nan,nan,nan,nan,nan,nan,nan,-0.0001785573549568653,2.750544309616089,0.00013982318341732025,0.0,0.5213475227355957,3.725290298461914e-08,0.9999997019767761,1.0,0.0035209873458370566,0.1593746617436409,red,0,False,3,1,,nan,nan,nan,nan,nan,nan,nan,nan,nan,nan,nan,nan,nan,nan,nan,nan,nan,nan,9,9,8,5,4,nan,nan,nan,nan,nan,nan,nan,nan,0.8984375,0.34375,0.6015625,0.5625,0.984375,0.0,2.025634134532634,4.431710450413232,0.0797160589612307,0.1651645169037362,0.13704708100783827,0.19125854123192243,0.14160381670080824,0.47492516193915485,0.0009459812863497064,0.5016269943429953,-0.15542330788412073,0.45432245248425024,nan,nan,nan,nan,nan,nan,nan,nan,0.875,0.4375,0.59375,0.5390625,0.9765625,0.0,1.7973994196943708,3.8405700296714573,0.10060233108883035,0.1727446457831094,0.15073591685360643,0.20286211161394674,0.16984037025395082,0.46408227108069006,0.04907873659249162,0.4835045267012985,-0.20655306275875773,0.4597270277472128,0.0,0.08333333333333333,0.9166666666666666,0.08333333333333333,0.0,0.08333333333333333,0.08333333333333333,0.0,0.0,0.0,0.0,0.0,0.0,0.0,0.9166666666666666,553.0,0.0,0.08333333333333333,1.0,0.08333333333333333,0.5,0.9166666666666666,0.0,0.0,0.16666666666666666,0.0,0.0,1390.7750191948528,0.9549439986161082,1.0,0.08333333333333333,1.0,1.0,0.08333333333333333,0.08333333333333333,1.0,0.08333333333333333,1.0,1390.7750191948528,0.6418983361378763
53,6784,blue,3,nan,nan,nan,nan,nan,nan,nan,nan,nan,nan,-0.002244316041469574,2.7504770755767822,0.0003494042903184891,0.0,0.739905446767807,1.6763806343078613e-08,0.9999997615814209,1.0,0.004216923611238599,0.16659069806337357,red,0,False,3,1,,nan,nan,nan,nan,nan,nan,nan,nan,nan,nan,nan,nan,nan,nan,nan,nan,nan,nan,9,9,8,5,4,nan,nan,nan,nan,nan,nan,nan,nan,0.84375,0.359375,0.6484375,0.546875,0.9765625,0.0,2.1762020371705106,4.628608853389441,0.06743813510610105,0.1585598024143801,0.12114139860039133,0.1850319538269293,0.10949007821909618,0.4779483116962898,0.004752381319121923,0.4846602173711638,-0.13718425665138057,0.48666378442594016,nan,nan,nan,nan,nan,nan,nan,nan,0.953125,0.3984375,0.6484375,0.5546875,0.9921875,0.0,1.9509804957634325,4.100344645943771,0.0941958036718665,0.16797922465285395,0.1511756489274863,0.196441374697741,0.25908008543774486,0.4945558008001155,0.1131349746892738,0.44280350026672877,-0.17079750651464565,0.4882602620218357,0.0,0.08333333333333333,0.9166666666666666,0.08333333333333333,0.0,0.08333333333333333,0.08333333333333333,0.0,0.0,0.0,0.0,0.0,0.0,0.0,0.9166666666666666,553.0,0.0,0.08333333333333333,1.0,0.08333333333333333,0.5,0.9166666666666666,0.0,0.0,0.16666666666666666,0.0,0.0,1390.7750191948528,0.9549439986161082,1.0,0.08333333333333333,1.0,1.0,0.08333333333333333,0.08333333333333333,1.0,0.08333333333333333,1.0,1390.7750191948528,0.6418983361378763
54,6912,blue,3,nan,nan,nan,nan,nan,nan,nan,nan,nan,nan,-0.00037223100662231445,2.7507247924804688,0.00018305820412933826,0.0,0.4935038834810257,1.862645149230957e-09,0.9999998807907104,1.0,0.031152226962149143,0.270939901471138,red,0,False,3,1,,-8.980000000447035,-1.45000003837049,333.0,0.0,1.0,0.0,1.0,0.0,0.0,0.0,1.0,0.0,1.0,1.0,0.0,0.0,0.0,0.0,10,9,9,5,5,1.0,0.5,1.0,1.0,0.0,0.5,0.5,0.0,0.890625,0.6328125,0.671875,0.1875,0.9765625,0.0,0.4611421237727606,4.31900097081575,0.1029658786919511,0.1840151314602932,0.16278521978605692,0.20524206182712065,0.09822780044487445,0.46675820354596276,-0.040943889078334905,0.486588909432672,0.0038361192291631596,0.4799253909023642,1.0,0.5,0.5,1.0,0.0,0.5,0.0,0.0,0.8671875,0.6640625,0.5703125,0.0625,0.96875,0.0,0.2239148618802941,3.228069499886682,0.11960931117413501,0.19200309261381954,0.1716686275786144,0.21769421603122407,0.22299815261339972,0.4701736925855406,0.15534558062063297,0.46352315319527165,-0.020019289826450404,0.4660307671224652,0.0,0.08333333333333333,0.9166666666666666,0.08333333333333333,0.0,0.08333333333333333,0.08333333333333333,0.0,0.0,0.0,0.0,0.0,0.0,0.0,0.9166666666666666,553.0,0.0,0.08333333333333333,1.0,0.08333333333333333,0.5,0.9166666666666666,0.0,0.0,0.16666666666666666,0.0,0.0,1390.7750191948528,0.9549439986161082,1.0,0.08333333333333333,1.0,1.0,0.08333333333333333,0.08333333333333333,1.0,0.08333333333333333,1.0,1390.7750191948528,0.6418983361378763
55,7040,blue,3,nan,nan,nan,nan,nan,nan,nan,nan,nan,nan,0.00018941611051559448,2.750940442085266,8.021900430321693e-05,0.0,0.4326968640089035,9.313225746154785e-09,1.0,1.0,6.111492872238159,2.4946402311325073,red,0,False,3,1,,-10.0,10.0,73.0,0.0,1.0,0.0,1.0,0.0,1.0,1.0,0.0,0.0,0.0,0.0,0.0,0.0,0.0,0.0,10,10,9,5,5,1.0,1.0,0.0,0.0,0.0,0.0,0.0,0.0,0.875,0.671875,0.578125,0.2421875,0.9453125,0.0,0.2749671866789869,1.7104068757992337,0.10144466116573267,0.17871981636101691,0.15544826850657062,0.19961735419405044,0.061512144919106504,0.49977828524314255,-0.0173302469634109,0.48423350723332964,-0.02660056284730672,0.46990035662270635,1.0,1.0,1.0,1.0,1.0,1.0,1.0,1.0,0.859375,0.734375,0.6328125,0.09375,0.984375,0.0,0.02819482777679318,0.16606264605277643,0.1245630709916171,0.19026983550436521,0.17793313726791166,0.21620865523433053,0.23332537419628352,0.4360828851354993,0.09247299993148772,0.47502152930708813,0.022300774857285433,0.5032438817573438,0.0,0.08333333333333333,0.9166666666666666,0.08333333333333333,0.0,0.08333333333333333,0.08333333333333333,0.0,0.0,0.0,0.0,0.0,0.0,0.0,0.9166666666666666,553.0,0.0,0.08333333333333333,1.0,0.08333333333333333,0.5,0.9166666666666666,0.0,0.0,0.16666666666666666,0.0,0.0,1382.6374283938585,0.9508130525788424,1.0,0.08333333333333333,1.0,1.0,0.08333333333333333,0.08333333333333333,1.0,0.08333333333333333,1.0,1382.6374283938585,0.6284855397340559
56,7168,blue,3,nan,nan,nan,nan,nan,nan,nan,nan,nan,nan,-0.0005384560208767653,2.7513450384140015,5.799857899546623e-05,0.0,0.8272862136363983,-3.026798367500305e-09,0.9999996423721313,1.0,0.0007749823271296918,0.035613056272268295,red,0,False,3,1,,nan,nan,nan,nan,nan,nan,nan,nan,nan,nan,nan,nan,nan,nan,nan,nan,nan,nan,10,10,9,5,5,nan,nan,nan,nan,nan,nan,nan,nan,0.8515625,0.53125,0.5390625,0.3671875,0.984375,0.0,0.9987143310170065,3.6046554061174683,0.09521364556734903,0.1728227864141569,0.14573965338325903,0.1960553608939262,0.10547629609072828,0.47386398847002303,-0.008930343254178297,0.47768288049828617,-0.01850219212792581,0.46561010327151053,nan,nan,nan,nan,nan,nan,nan,nan,0.875,0.671875,0.6171875,0.140625,0.9765625,0.0,0.09819659921716893,0.7985218633472188,0.12232788978685823,0.19417917790950312,0.17382535185047174,0.22506405577993546,0.23108102897094795,0.45534093175036283,0.1382559931907963,0.4295500252941834,0.06077639385512157,0.4676739769611302,0.0,0.08333333333333333,0.9166666666666666,0.08333333333333333,0.0,0.08333333333333333,0.08333333333333333,0.0,0.0,0.0,0.0,0.0,0.0,0.0,0.9166666666666666,553.0,0.0,0.08333333333333333,1.0,0.08333333333333333,0.5,0.9166666666666666,0.0,0.0,0.16666666666666666,0.0,0.0,1382.6374283938585,0.9508130525788424,1.0,0.08333333333333333,1.0,1.0,0.08333333333333333,0.08333333333333333,1.0,0.08333333333333333,1.0,1382.6374283938585,0.6284855397340559
57,7296,blue,3,nan,nan,nan,nan,nan,nan,nan,nan,nan,nan,-0.0004999330267310143,2.7518709897994995,7.86071177572012e-05,0.0,0.9402144253253937,6.51925802230835e-09,0.9999995827674866,1.0,0.0006558007735293359,0.03260923083871603,red,0,False,3,1,,nan,nan,nan,nan,nan,nan,nan,nan,nan,nan,nan,nan,nan,nan,nan,nan,nan,nan,10,10,9,5,5,nan,nan,nan,nan,nan,nan,nan,nan,0.875,0.3671875,0.640625,0.3984375,0.96875,0.0,1.4886256563948561,4.644071002389409,0.07150768037156163,0.16588507093650084,0.1281978072295852,0.1933806275321114,0.14563073504541535,0.4860361513113261,-0.0062290995574585395,0.48406630283010843,0.01884976033034036,0.4999614854925172,nan,nan,nan,nan,nan,nan,nan,nan,0.921875,0.6640625,0.546875,0.21875,0.9921875,0.0,0.2913051445234869,1.9873058892816318,0.11982439057286273,0.19162878856918558,0.18469914784399138,0.22414818880182102,0.2609698051091982,0.42394696602465654,0.12166849520281176,0.4449955457186391,0.06472835196836968,0.4704532463279948,0.0,0.08333333333333333,0.9166666666666666,0.08333333333333333,0.0,0.08333333333333333,0.08333333333333333,0.0,0.0,0.0,0.0,0.0,0.0,0.0,0.9166666666666666,553.0,0.0,0.08333333333333333,1.0,0.08333333333333333,0.5,0.9166666666666666,0.0,0.0,0.16666666666666666,0.0,0.0,1382.6374283938585,0.9508130525788424,1.0,0.08333333333333333,1.0,1.0,0.08333333333333333,0.08333333333333333,1.0,0.08333333333333333,1.0,1382.6374283938585,0.6284855397340559
58,7424,blue,3,nan,nan,nan,nan,nan,nan,nan,nan,nan,nan,-0.002431437373161316,2.75233793258667,0.00014920486137270927,0.0,0.6676581799983978,1.2293457984924316e-07,0.999998927116394,1.0,0.00039488327456638217,0.04725280310958624,red,0,False,3,1,,nan,nan,nan,nan,nan,nan,nan,nan,nan,nan,nan,nan,nan,nan,nan,nan,nan,nan,10,10,9,5,5,nan,nan,nan,nan,nan,nan,nan,nan,0.859375,0.34375,0.546875,0.5078125,0.921875,0.0,1.913177446744562,4.763888581048194,0.0746740235744826,0.16973376047610306,0.1333551278334088,0.19820814936877013,0.17886963205819484,0.4793403869363968,-0.01867325889179483,0.46651809071087913,-0.12968342045496684,0.4552708925045397,nan,nan,nan,nan,nan,nan,nan,nan,0.8984375,0.7421875,0.6484375,0.4453125,0.9921875,0.0,1.0348755852732263,2.8867524127380957,0.1287618289245855,0.1916815549981083,0.18319853260614755,0.2276745221174025,0.2870748629793525,0.4573345850253904,0.10543918421535636,0.4753768482742076,-0.06744682040334737,0.4605192871665323,0.0,0.08333333333333333,0.9166666666666666,0.08333333333333333,0.0,0.08333333333333333,0.08333333333333333,0.0,0.0,0.0,0.0,0.0,0.0,0.0,0.9166666666666666,553.0,0.0,0.08333333333333333,1.0,0.08333333333333333,0.5,0.9166666666666666,0.0,0.0,0.16666666666666666,0.0,0.0,1382.6374283938585,0.9508130525788424,1.0,0.08333333333333333,1.0,1.0,0.08333333333333333,0.08333333333333333,1.0,0.08333333333333333,1.0,1382.6374283938585,0.6284855397340559
59,7552,blue,3,nan,nan,nan,nan,nan,nan,nan,nan,nan,nan,-0.0022456757724285126,2.7529534101486206,0.0003198233898729086,0.0,0.5000070780515671,-1.862645149230957e-08,0.9999999403953552,1.0,0.02929921355098486,0.15085503458976746,red,0,False,3,1,,-11.075000011827797,0.7949999878183007,327.0,0.0,1.0,0.0,1.0,0.0,0.0,0.0,1.0,0.0,1.0,1.0,0.0,0.0,0.0,0.0,11,10,10,6,5,1.0,0.5,0.5,1.0,0.0,0.5,0.0,0.0,0.84375,0.375,0.65625,0.5546875,0.9609375,0.0,2.1406135086824483,4.495796413222994,0.07798772961050585,0.16674152449322022,0.1379054499621135,0.19609364960181097,0.08511029290957595,0.46076502650604484,0.02115734575636452,0.4463269890263015,-0.19425219958247908,0.4932181298239009,1.0,0.5,1.0,1.0,0.0,0.5,0.5,0.0,0.8828125,0.671875,0.6171875,0.3984375,0.9921875,0.0,0.9619811012090757,3.5897496449711315,0.12908725633342621,0.1977408953156444,0.17590638792705382,0.2329649140818857,0.3005908415434533,0.43820117399531316,0.2721486504160566,0.44100598942462726,-0.08650445367948123,0.4628672880237058,0.0,0.08333333333333333,0.9166666666666666,0.08333333333333333,0.0,0.08333333333333333,0.08333333333333333,0.0,0.0,0.0,0.0,0.0,0.0,0.0,0.9166666666666666,553.0,0.0,0.08333333333333333,1.0,0.08333333333333333,0.5,0.9166666666666666,0.0,0.0,0.16666666666666666,0.0,0.0,1382.6374283938585,0.9508130525788424,1.0,0.08333333333333333,1.0,1.0,0.08333333333333333,0.08333333333333333,1.0,0.08333333333333333,1.0,1382.6374283938585,0.6284855397340559
60,7680,blue,3,nan,nan,nan,nan,nan,nan,nan,nan,nan,nan,-0.00018994277343153954,2.753809928894043,7.256283424794674e-05,0.0,0.4386138767004013,-3.725290298461914e-09,1.0,1.0,6.980541706085205,3.6096205711364746,red,0,False,3,1,,-10.0,10.0,64.0,0.0,1.0,0.0,1.0,0.0,1.0,1.0,0.0,0.0,0.0,0.0,0.0,0.0,0.0,0.0,11,11,10,6,5,1.0,1.0,0.0,0.0,0.0,0.0,0.0,0.0,0.859375,0.6640625,0.5546875,0.15625,0.984375,0.0,0.19423091330687198,1.541127550861554,0.10250587441226616,0.18674440357801542,0.16037082672417466,0.2087618532846573,0.11204669236758491,0.47980408287231874,-0.03570538074018259,0.4815259153661832,0.01200734610301879,0.45820267681119253,1.0,1.0,1.0,1.0,1.0,1.0,1.0,1.0,0.84375,0.703125,0.6484375,0.0546875,0.984375,0.0,0.03564750813284639,0.05960620059284067,0.11324711660891029,0.18315350791019633,0.16133252571035475,0.20291064841832795,0.2045398660338833,0.4725587288037724,0.04816618896984437,0.4481219414339263,-0.017312505637164577,0.48827738630063106,0.9166666666666666,0.08333333333333333,0.0,1.0,0.0,0.08333333333333333,0.08333333333333333,0.0,0.9166666666666666,0.9166666666666666,0.9166666666666666,0.0,0.0,0.0,0.0,454.9166666666667,0.0,0.08333333333333333,1.0,0.08333333333333333,0.5,0.9166666666666666,0.0,0.0,0.16666666666666666,0.0,0.0,1377.643962273005,0.9500633819325612,1.0,0.08333333333333333,1.0,1.0,0.08333333333333333,0.08333333333333333,1.0,0.08333333333333333,1.0,1377.643962273005,0.6167518059360326
61,7808,blue,3,nan,nan,nan,nan,nan,nan,nan,nan,nan,nan,-0.0003511672839522362,2.754298686981201,8.691195398569107e-05,0.0,0.7705301344394684,-2.1420419216156006e-08,0.9999999403953552,1.0,0.008895796723663807,0.15139152854681015,red,0,False,3,1,,nan,nan,nan,nan,nan,nan,nan,nan,nan,nan,nan,nan,nan,nan,nan,nan,nan,nan,11,11,10,6,5,nan,nan,nan,nan,nan,nan,nan,nan,0.8671875,0.6328125,0.640625,0.296875,1.0,0.0,0.20234533112772785,0.9616709256868455,0.10986931577611021,0.1824024597770515,0.16466229648882574,0.20558264825099795,0.22761097568218247,0.4242318269133795,0.030423738913668785,0.44503986670047707,-0.048254143657686654,0.47810399522208386,nan,nan,nan,nan,nan,nan,nan,nan,0.8515625,0.703125,0.703125,0.328125,0.953125,0.0,0.572561091887458,2.1442354562905774,0.11217072746625108,0.1849482159963092,0.15151327892263744,0.20573089611988699,0.18501996953273192,0.45834789968114853,0.1752429465741443,0.5040334526485072,-0.1361948007979663,0.5130215979847399,0.9166666666666666,0.08333333333333333,0.0,1.0,0.0,0.08333333333333333,0.08333333333333333,0.0,0.9166666666666666,0.9166666666666666,0.9166666666666666,0.0,0.0,0.0,0.0,454.9166666666667,0.0,0.08333333333333333,1.0,0.08333333333333333,0.5,0.9166666666666666,0.0,0.0,0.16666666666666666,0.0,0.0,1377.643962273005,0.9500633819325612,1.0,0.08333333333333333,1.0,1.0,0.08333333333333333,0.08333333333333333,1.0,0.08333333333333333,1.0,1377.643962273005,0.6167518059360326
62,7936,blue,3,nan,nan,nan,nan,nan,nan,nan,nan,nan,nan,-0.002289348281919956,2.7548635005950928,0.00013631582260131836,0.0,0.8879605233669281,1.257285475730896e-08,0.9999998211860657,1.0,0.0021774093620479107,0.05737666226923466,red,0,False,3,1,,nan,nan,nan,nan,nan,nan,nan,nan,nan,nan,nan,nan,nan,nan,nan,nan,nan,nan,11,11,10,6,5,nan,nan,nan,nan,nan,nan,nan,nan,0.8359375,0.546875,0.625,0.421875,0.984375,0.0,1.193598464489201,3.862144694593793,0.09705747877746448,0.1791252000924522,0.14784996704564507,0.2019280138169612,0.09258264267555205,0.47687779306786093,-0.030169142555678263,0.4712784122698483,-0.04451275884275674,0.5085286800128315,nan,nan,nan,nan,nan,nan,nan,nan,0.8203125,0.578125,0.6484375,0.296875,0.9296875,0.0,0.897542490769835,3.4202887015416645,0.09806779966274567,0.18969543552535806,0.13476983390996666,0.213670327964998,0.3289906841418997,0.3875009121256279,0.1377809597902342,0.43052785405964705,-0.012006318796920823,0.5176276492382088,0.9166666666666666,0.08333333333333333,0.0,1.0,0.0,0.08333333333333333,0.08333333333333333,0.0,0.9166666666666666,0.9166666666666666,0.9166666666666666,0.0,0.0,0.0,0.0,454.9166666666667,0.0,0.08333333333333333,1.0,0.08333333333333333,0.5,0.9166666666666666,0.0,0.0,0.16666666666666666,0.0,0.0,1377.643962273005,0.9500633819325612,1.0,0.08333333333333333,1.0,1.0,0.08333333333333333,0.08333333333333333,1.0,0.08333333333333333,1.0,1377.643962273005,0.6167518059360326
63,8064,blue,3,nan,nan,nan,nan,nan,nan,nan,nan,nan,nan,-0.0011455705389380455,2.75549578666687,0.00012927409261465073,0.0,0.6990928053855896,9.313225746154785e-09,0.9999996423721313,1.0,0.0012934887781739235,0.06418704614043236,red,0,False,3,1,,nan,nan,nan,nan,nan,nan,nan,nan,nan,nan,nan,nan,nan,nan,nan,nan,nan,nan,11,11,10,6,5,nan,nan,nan,nan,nan,nan,nan,nan,0.9140625,0.3046875,0.59375,0.4921875,0.9453125,0.0,1.8635932313463472,4.561463312383127,0.07003601864792097,0.16270085560832165,0.13310139799144044,0.19137519593563315,0.18571909047750523,0.48147754370732454,-0.019455007935903268,0.4372501648473285,-0.11543143642848008,0.4627673154450521,nan,nan,nan,nan,nan,nan,nan,nan,0.859375,0.5625,0.4296875,0.2890625,0.9765625,0.0,0.4276245571207814,1.8617594877597488,0.09411528269605167,0.18937792017858987,0.13064240761425144,0.21337351545549288,0.30917157263502304,0.44448702225158454,0.1279083614135743,0.4555440360155703,-0.14079147862503305,0.47645354008480495,0.9166666666666666,0.08333333333333333,0.0,1.0,0.0,0.08333333333333333,0.08333333333333333,0.0,0.9166666666666666,0.9166666666666666,0.9166666666666666,0.0,0.0,0.0,0.0,454.9166666666667,0.0,0.08333333333333333,1.0,0.08333333333333333,0.5,0.9166666666666666,0.0,0.0,0.16666666666666666,0.0,0.0,1377.643962273005,0.9500633819325612,1.0,0.08333333333333333,1.0,1.0,0.08333333333333333,0.08333333333333333,1.0,0.08333333333333333,1.0,1377.643962273005,0.6167518059360326
64,8192,blue,3,nan,nan,nan,nan,nan,nan,nan,nan,nan,nan,-0.003354482352733612,2.7560906410217285,0.00027657952159643173,0.0,1.1426204442977905,1.30385160446167e-07,0.9999992251396179,1.0,0.001979229156859219,0.13231005519628525,red,0,False,3,1,2,nan,nan,nan,nan,nan,nan,nan,nan,nan,nan,nan,nan,nan,nan,nan,nan,nan,nan,11,11,10,6,5,nan,nan,nan,nan,nan,nan,nan,nan,0.875,0.3046875,0.640625,0.5234375,0.9375,0.0,2.271775247276119,4.724551122726531,0.0635346355176486,0.1614774501470668,0.12480200324835981,0.19109284830782028,0.12273640320904633,0.4862728647249841,-0.04686364690496703,0.4682077180561829,-0.15961806692939717,0.46881939797366606,nan,nan,nan,nan,nan,nan,nan,nan,0.875,0.59375,0.4375,0.359375,0.9765625,0.0,0.31800352662536396,1.5505917924249786,0.08955878344872334,0.18161708021151549,0.12625396012971582,0.20378053612162705,0.33494907850035815,0.40050629262470233,0.09655248019407736,0.4794007394228369,-0.14453612454417453,0.47419288135376947,0.9166666666666666,0.08333333333333333,0.0,1.0,0.0,0.08333333333333333,0.08333333333333333,0.0,0.9166666666666666,0.9166666666666666,0.9166666666666666,0.0,0.0,0.0,0.0,362.0,0.0,0.08333333333333333,1.0,0.08333333333333333,0.5,0.9166666666666666,0.0,0.0,0.16666666666666666,0.0,0.0,1379.9196209429354,0.9513239681345643,1.0,0.08333333333333333,1.0,1.0,0.08333333333333333,0.08333333333333333,1.0,0.08333333333333333,1.0,1379.9196209429354,0.6154482871870385
