update,env_steps,phase,red_policy_loss,red_entropy,red_approx_kl,red_clip_fraction,red_grad_norm,red_advantage_mean,red_advantage_std,red_advantage_nonzero_rate,blue_policy_loss,blue_entropy,blue_approx_kl,blue_clip_fraction,blue_grad_norm,blue_advantage_mean,blue_advantage_std,blue_advantage_nonzero_rate,value_loss,red_mean_episode_return,blue_mean_episode_return,mean_episode_length,red_win_rate,blue_win_rate,draw_rate,collision_rate,max_steps_rate,red_kill_rate,blue_kill_rate,boundary_rate,within_4000_rate,attack_distance_entry_rate,ata_gate_rate,aa_gate_rate,attack_envelope_entry_rate,attack_to_kill_conversion_rate,mean_reward_terminal,mean_reward_boundary,mean_reward_guide,mean_reward_position,mean_reward_threat,mean_reward_total,action_yaw_mean,action_yaw_std,action_yaw_min,action_yaw_max,action_pitch_mean,action_pitch_std,action_pitch_min,action_pitch_max,action_speed_mean,action_speed_std,action_speed_min,action_speed_max,yaw_rate_saturation_rate,pitch_rate_saturation_rate,acceleration_saturation_rate,nx_saturation_rate,nz_saturation_rate,phi_saturation_rate,mean_delta_yaw,mean_delta_pitch,mean_delta_speed,mean_yaw_error,mean_pitch_error,mean_speed_error,mean_unclipped_yaw_rate,mean_unclipped_pitch_rate,mean_unclipped_acceleration,mean_clipped_yaw_rate,mean_clipped_pitch_rate,mean_clipped_acceleration,mean_nx,mean_nz,mean_phi,eval_red_zero_win_rate,eval_red_zero_mean_return,eval_red_zero_attack_envelope_entry_rate,eval_red_pursuit_win_rate,eval_red_pursuit_mean_return,eval_red_pursuit_attack_envelope_entry_rate
1,128,fixed_tail_chase,-0.0036479104310274124,2.756665587425232,0.0009661726653575897,0.0,0.46067216992378235,-4.6566128730773926e-08,1.0,1.0,nan,nan,nan,nan,nan,nan,nan,nan,0.20316404849290848,nan,nan,nan,nan,nan,nan,nan,nan,nan,nan,nan,nan,nan,nan,nan,nan,nan,nan,nan,nan,nan,nan,nan,0.04687460690274747,0.6848708463025364,-0.9868720769882202,0.9841078519821167,0.043527064708655416,0.33671942077508094,-0.8751670122146606,0.9297426342964172,0.15189951509455568,0.422795824151322,-0.9616044163703918,0.9059436321258545,0.93359375,0.34375,0.515625,0.015625,0.99609375,0.0,0.14726087381097408,0.04748526315591537,7.594975754727784,0.14726087381097408,0.04748526315591537,7.594975754727784,0.14726087381097408,0.04748526315591537,3.797487877363892,0.029564594053439926,0.02919133548395339,2.710013966596307,0.21077130509362008,1.773722338244728,-0.04395380836588546,0.0,-9.67,0.0,0.0,-12.6975,0.0
2,256,fixed_tail_chase,-0.004503309726715088,2.756025552749634,0.0008598442655056715,0.0,0.7937020361423492,9.313225746154785e-10,0.9999978542327881,1.0,nan,nan,nan,nan,nan,nan,nan,nan,0.00026065985093737254,nan,nan,nan,nan,nan,nan,nan,nan,nan,nan,nan,nan,nan,nan,nan,nan,nan,nan,nan,nan,nan,nan,nan,0.07875576087371883,0.5964531607350904,-0.8432643413543701,0.9174736738204956,0.03783405952708563,0.3316674226660881,-0.9305175542831421,0.9095552563667297,-0.001257730620352504,0.3121920169805568,-0.8947868347167969,0.8609514236450195,0.953125,0.35546875,0.2734375,0.12109375,0.99609375,0.0,0.24741844103298866,0.05989882867687245,-0.0628865310176252,0.24741844103298866,0.05989882867687245,-0.0628865310176252,0.24741844103298866,0.05989882867687245,-0.0314432655088126,0.05462867863551078,0.029984644027456535,0.3505284527689696,-0.15600046843467044,1.7304883103894446,0.06836120378837723,0.0,-9.67,0.0,0.0,-12.6975,0.0
3,384,fixed_tail_chase,-0.005897986236959696,2.755231499671936,0.0012156222946941853,0.0,0.9194970428943634,-7.916241884231567e-09,0.9999982714653015,1.0,nan,nan,nan,nan,nan,nan,nan,nan,8.174522372428328e-05,nan,nan,nan,nan,nan,nan,nan,nan,nan,nan,nan,nan,nan,nan,nan,nan,nan,nan,nan,nan,nan,nan,nan,0.08477288578797015,0.5653317759120329,-0.8756821751594543,0.9393719434738159,0.002688255609449186,0.3527397322466669,-0.9023652076721191,0.9380442500114441,-0.016279065033238282,0.3428467253851139,-0.9435216784477234,0.9140989184379578,0.92578125,0.2734375,0.3046875,0.2109375,0.99609375,0.0,0.26632179044220783,0.055250446915439747,-0.8139532516619141,0.26632179044220783,0.055250446915439747,-0.8139532516619141,0.26632179044220783,0.055250446915439747,-0.40697662583095706,0.07460687367565702,0.005522044244928284,-0.22238204038711018,-0.3166937954424032,1.567311785123388,-0.028997351637310154,0.0,-9.67,0.0,0.0,-12.6975,0.0
4,512,fixed_tail_chase,-0.00543561577796936,2.7548725605010986,0.0017280098982155323,0.00390625,0.830907940864563,2.8405338525772095e-08,0.9999991655349731,1.0,nan,nan,nan,nan,nan,nan,nan,nan,0.00033674194128252566,nan,nan,nan,nan,nan,nan,nan,nan,nan,nan,nan,nan,nan,nan,nan,nan,nan,nan,nan,nan,nan,nan,nan,0.16519309484647238,0.5357093192973703,-0.7991887927055359,0.9189794659614563,-0.027947403767370815,0.3274892443114062,-0.9457409381866455,0.8375593423843384,0.020433379469068313,0.350112563492387,-0.9393380284309387,0.8561375141143799,0.93359375,0.14453125,0.3125,0.22265625,0.9765625,0.0,0.5189692480003447,0.07399848852590499,1.0216689734534157,0.5189692480003447,0.07399848852590499,1.0216689734534157,0.5189692480003447,0.07399848852590499,0.5108344867267078,0.06475260135938642,0.034709831647542135,0.4832874434441692,-0.3490314662078866,1.36004587052045,-0.06429457720084646,0.0,-9.67,0.0,0.0,-12.6975,0.0
5,640,fixed_tail_chase,-0.002297651022672653,2.7546706199645996,0.0018178431782871485,0.01171875,0.4084903746843338,9.499490261077881e-08,0.9999992847442627,1.0,nan,nan,nan,nan,nan,nan,nan,nan,0.0007925652316771448,nan,nan,nan,nan,nan,nan,nan,nan,nan,nan,nan,nan,nan,nan,nan,nan,nan,nan,nan,nan,nan,nan,nan,0.25662770570852445,0.46701001022692784,-0.8362462520599365,0.9616246819496155,0.058559604727633996,0.3212190429655703,-0.8532851934432983,0.963634192943573,-0.00016457159028959722,0.34652493616168073,-0.9112858176231384,0.9240297675132751,0.9453125,0.19921875,0.2890625,0.22265625,0.96875,0.0,0.806219458333798,0.12865309003981798,-0.008228579514479861,0.806219458333798,0.12865309003981798,-0.008228579514479861,0.806219458333798,0.12865309003981798,-0.004114289757239931,0.08581659809986969,0.06712021090803119,0.26813738898988504,-0.38861019314734324,1.622520629748987,-0.057293323887948916,0.16666666666666666,0.27016666666666406,0.16666666666666666,0.0,-7.125,0.0
6,768,fixed_tail_chase,-0.00026762811467051506,2.7544280290603638,0.00043305614963173866,0.0,0.31776919960975647,1.4901161193847656e-08,1.0,1.0,nan,nan,nan,nan,nan,nan,nan,nan,8.376575469970703,-8.079999981448054,7.1979998971219175,330.5,0.0,1.0,0.0,0.0,0.0,0.0,0.0,1.0,1.0,0.0,1.0,1.0,0.0,0.0,0.0,-10.0,0.0,1.9200000000000008,0.0,-8.079999999999998,0.15026380907511339,0.653026043018643,-0.9763587713241577,0.9978910684585571,0.10882906242034096,0.32195806720978015,-0.9151174426078796,0.8895771503448486,0.2575613584704115,0.4386733915390449,-0.8830785751342773,1.0,0.85546875,0.3359375,0.58984375,0.03125,0.97265625,0.0,0.47206752842698646,0.11973662892662884,12.878067923520575,0.47206752842698646,0.11973662892662884,12.878067923520575,0.47206752842698646,0.11973662892662884,6.439033961760288,0.07454176200662599,0.06292890410963246,3.492797935985436,0.28143621290052284,2.068261538840194,0.10633918741361571,0.16666666666666666,0.27016666666666406,0.16666666666666666,0.0,-7.125,0.0
7,896,fixed_tail_chase,-0.0004582693800330162,2.7541228532791138,0.00026517524383962154,0.0,0.22993406653404236,-3.3527612686157227e-08,0.999998927116394,1.0,nan,nan,nan,nan,nan,nan,nan,nan,0.0002127822590409778,nan,nan,nan,nan,nan,nan,nan,nan,nan,nan,nan,nan,nan,nan,nan,nan,nan,nan,nan,nan,nan,nan,nan,0.1344368901782218,0.6166363282652854,-0.8465043306350708,0.9648977518081665,0.09362922214859282,0.340264246787975,-0.851071834564209,0.9450012445449829,0.05810605522037804,0.33248065622459866,-0.9051514267921448,0.9193623065948486,0.9453125,0.3671875,0.28515625,0.0,1.0,0.0,0.42234581211846917,0.09976596212251129,2.905302761018902,0.42234581211846917,0.09976596212251129,2.905302761018902,0.42234581211846917,0.09976596212251129,1.452651380509451,0.10195252982279508,0.05630782879135093,1.0898001096857115,0.05036862096980098,1.9453125,0.05834468192963657,0.16666666666666666,0.27016666666666406,0.16666666666666666,0.0,-7.125,0.0
8,1024,fixed_tail_chase,0.0003835950046777725,2.7540758848190308,0.0001731503289192915,0.0,0.769458532333374,5.587935447692871e-09,1.0,1.0,nan,nan,nan,nan,nan,nan,nan,nan,5.184081315994263,10.65999998897314,-10.850000016391277,137.0,1.0,0.0,0.0,0.0,0.0,1.0,0.0,0.0,1.0,1.0,1.0,1.0,1.0,1.0,10.0,0.0,0.0,0.6600000000000003,0.0,10.66,0.22088659642759012,0.6350359706200405,-0.7768553495407104,0.9757583141326904,0.07899307778898734,0.35625594334408706,-0.9119663238525391,0.9211747646331787,0.2706633741759106,0.41282923507024966,-0.8782798051834106,0.9507959485054016,0.96484375,0.38671875,0.52734375,0.05859375,0.99609375,0.0,0.693935487726774,0.08912158665143574,13.533168708795529,0.693935487726774,0.08912158665143574,13.533168708795529,0.693935487726774,0.08912158665143574,6.766584354397764,0.11157726152246056,0.04527764986201245,3.6208720207828264,0.25908170660291563,1.8972877942499233,0.029994987307395783,0.16666666666666666,0.27016666666666406,0.16666666666666666,0.0,-7.125,0.0
9,1152,fixed_tail_chase,-0.001275850459933281,2.7542835474014282,0.000217140419408679,0.0,0.5061821639537811,7.450580596923828e-09,0.999999463558197,1.0,nan,nan,nan,nan,nan,nan,nan,nan,0.000258525695244316,nan,nan,nan,nan,nan,nan,nan,nan,nan,nan,nan,nan,nan,nan,nan,nan,nan,nan,nan,nan,nan,nan,nan,0.1366315959057829,0.5290807215624906,-0.8363314867019653,0.9603392481803894,0.09973047386483813,0.3307645732688128,-0.9390724301338196,0.9115384817123413,0.18759502431385044,0.3254776825029698,-0.8718788027763367,0.958401083946228,0.9140625,0.35546875,0.32421875,0.0390625,0.9921875,0.0,0.42924068131426085,0.11224782599264224,9.376336651417226,0.42924068131426085,0.11224782599264224,9.376336651417226,0.42924068131426085,0.11224782599264224,4.688168325708613,0.07405297002433914,0.05581742608800891,3.3269036094443436,0.18023345592883716,1.8379460047150484,0.08163145436154257,0.16666666666666666,0.27016666666666406,0.16666666666666666,0.0,-7.125,0.0
10,1280,fixed_tail_chase,-0.0030598314478993416,2.7545323371887207,0.0003592241555452347,0.0,1.1019429564476013,-8.568167686462402e-08,0.9999988675117493,1.0,nan,nan,nan,nan,nan,nan,nan,nan,0.0002857538784155622,nan,nan,nan,nan,nan,nan,nan,nan,nan,nan,nan,nan,nan,nan,nan,nan,nan,nan,nan,nan,nan,nan,nan,0.16416160236212818,0.41187610926542173,-0.685133695602417,0.959948718547821,0.0801104110257711,0.3625505386049774,-0.9063546657562256,0.9521592855453491,0.14389202449274308,0.33133305537500013,-0.8090146780014038,0.9385418891906738,0.91796875,0.36328125,0.29296875,0.09375,0.99609375,0.0,0.5157287198207883,0.09997818877044068,6.762190997998866,0.5157287198207883,0.09997818877044068,6.762190997998866,0.5157287198207883,0.09997818877044068,3.381095498999433,0.08626713258793145,0.03073034985727312,2.4031193594655633,0.0020655532581331792,1.24188031169331,-0.14380085158739173,0.0,-6.3481666666666685,0.0,0.0,-9.628333333333332,0.0
11,1408,fixed_tail_chase,-0.0032565267756581306,2.754753589630127,0.0006763583514839411,0.0,0.7294049859046936,-7.450580596923828e-08,0.9999989867210388,1.0,nan,nan,nan,nan,nan,nan,nan,nan,0.00017947213200386614,nan,nan,nan,nan,nan,nan,nan,nan,nan,nan,nan,nan,nan,nan,nan,nan,nan,nan,nan,nan,nan,nan,nan,0.0735688535334873,0.5549583470125519,-0.994436502456665,0.9944435954093933,0.10006622334174153,0.34738323740983024,-0.8090119957923889,0.972227156162262,0.15331846784920344,0.32819423645623097,-0.8794135451316833,0.9302532076835632,0.78125,0.4921875,0.2265625,0.09375,0.90625,0.0,0.23112329622497368,0.12234628372090843,5.030755692629028,0.23112329622497368,0.12234628372090843,5.030755692629028,0.23112329622497368,0.12234628372090843,2.515377846314514,0.0169263719863392,0.05179067259217681,2.417894081527508,-0.10694109238945429,1.2498258466597467,-0.3824728632870298,0.0,-6.3481666666666685,0.0,0.0,-9.628333333333332,0.0
12,1536,fixed_tail_chase,0.001986500807106495,2.75518536567688,0.00040621985681355,0.0,1.0071207284927368,-3.5390257835388184e-08,0.9999969601631165,1.0,nan,nan,nan,nan,nan,nan,nan,nan,3.533773997332901e-05,nan,nan,nan,nan,nan,nan,nan,nan,nan,nan,nan,nan,nan,nan,nan,nan,nan,nan,nan,nan,nan,nan,nan,-0.007318786984342296,0.47285705391181054,-0.8412520885467529,0.9745243787765503,0.16744633970688483,0.33217845385627265,-0.9288756251335144,0.9473060369491577,0.1446904183044353,0.33699523075735877,-0.841591477394104,0.971405565738678,0.671875,0.3515625,0.0625,0.09375,0.74609375,0.0,-0.022992640104411398,0.18981239231419583,0.20795107401799728,-0.022992640104411398,0.18981239231419583,0.20795107401799728,-0.022992640104411398,0.18981239231419583,0.10397553700899864,-0.003665333642436505,0.088249962148646,0.3502861324319818,-0.3002110519310811,1.8098398178588604,0.08245338647193919,0.0,-6.3481666666666685,0.0,0.0,-9.628333333333332,0.0
13,1664,fixed_tail_chase,-0.001795908436179161,2.7555011510849,0.00013007991947233677,0.0,0.833295077085495,1.4901161193847656e-08,0.9999998807907104,1.0,nan,nan,nan,nan,nan,nan,nan,nan,8.790475845336914,-9.255000003613532,9.02399997797329,397.5,0.0,1.0,0.0,0.0,0.0,0.0,0.0,1.0,1.0,0.5,1.0,1.0,0.0,0.0,0.0,-10.0,0.0,0.7450000000000003,0.0,-9.254999999999999,-0.16445223936534603,0.6052176835369564,-0.983522891998291,0.9740890264511108,0.11197922888931089,0.3324702377008277,-0.8854076266288757,0.8983591794967651,0.16355726661725356,0.36415576763914304,-0.9166771173477173,0.9207666516304016,0.92578125,0.34375,0.3671875,0.05859375,0.98828125,0.0,-0.5166417826043219,0.1237743369530493,6.471786956131699,-0.5166417826043219,0.1237743369530493,6.471786956131699,-0.5166417826043219,0.1237743369530493,3.2358934780658495,-0.08440268188666739,0.05399060058977384,2.19194270184555,0.04497952032042555,1.8805516467488008,-0.5030813649894743,0.0,-6.3481666666666685,0.0,0.0,-9.628333333333332,0.0
14,1792,fixed_tail_chase,-0.0005901148542761803,2.7559880018234253,8.3207618445158e-05,0.0,0.5680639147758484,1.862645149230957e-09,0.9999998211860657,1.0,nan,nan,nan,nan,nan,nan,nan,nan,0.03229935094714165,nan,nan,nan,nan,nan,nan,nan,nan,nan,nan,nan,nan,nan,nan,nan,nan,nan,nan,nan,nan,nan,nan,nan,-0.2526270294783899,0.630825910232616,-0.9261863827705383,0.9123106598854065,0.1284923034345411,0.36000646043275264,-0.911814272403717,0.9174885749816895,0.1571847118812002,0.3673607319938803,-0.8638118505477905,0.9492781758308411,0.91796875,0.37890625,0.375,0.0,0.9921875,0.0,-0.7936509672804924,0.13512357505227762,7.85923559406001,-0.7936509672804924,0.13512357505227762,7.85923559406001,-0.7936509672804924,0.13512357505227762,3.929617797030005,-0.09703366984820681,0.07161689977059726,2.7012817197301047,0.21374937517376072,2.0792123248259977,-0.556842406861594,0.0,-6.3481666666666685,0.0,0.0,-9.628333333333332,0.0
15,1920,fixed_tail_chase,0.00016034021973609924,2.7567739486694336,2.3257103748619556e-05,0.0,0.6902074813842773,-3.166496753692627e-08,0.9999986886978149,1.0,nan,nan,nan,nan,nan,nan,nan,nan,6.527878576889634e-05,nan,nan,nan,nan,nan,nan,nan,nan,nan,nan,nan,nan,nan,nan,nan,nan,nan,nan,nan,nan,nan,nan,nan,-0.2161278203184338,0.6160174039380043,-0.8884955644607544,0.9707861542701721,0.12449182262207614,0.3285298356785586,-0.8441033363342285,0.9289922118186951,0.1500708729154212,0.325532990265807,-0.7996019124984741,0.9459356069564819,0.9375,0.3671875,0.30859375,0.0,0.99609375,0.0,-0.678985356420946,0.13046523551168565,7.50354364577106,-0.678985356420946,0.13046523551168565,7.50354364577106,-0.678985356420946,0.13046523551168565,3.75177182288553,-0.08978744795574126,0.07136465610995571,2.610913263598377,0.17563463554468428,2.06424607308957,-0.49704806461790474,0.0,-9.639999999999999,0.0,0.0,-9.61,0.0
16,2048,fixed_all_scenarios,-0.0024820580147206783,2.7575777769088745,9.50588146224618e-05,0.0,1.0018256306648254,-2.2351741790771484e-08,0.9999986886978149,1.0,nan,nan,nan,nan,nan,nan,nan,nan,7.127435310394503e-05,nan,nan,nan,nan,nan,nan,nan,nan,nan,nan,nan,nan,nan,nan,nan,nan,nan,nan,nan,nan,nan,nan,nan,-0.13359590592153836,0.5877720628598148,-0.744630753993988,0.9803288578987122,0.1408466449320258,0.30099940077687815,-0.8360933065414429,0.9534717202186584,0.25253637554851593,0.3074809046331156,-0.8918477892875671,0.9653812050819397,0.97265625,0.3203125,0.328125,0.00390625,1.0,0.0,-0.41970378299687205,0.1492202200871499,11.878967945838518,-0.41970378299687205,0.1492202200871499,11.878967945838518,-0.41970378299687205,0.1492202200871499,5.939483972919259,-0.08198326709434489,0.08722824612280981,4.271766139280628,0.3179787254514252,2.296875,-0.49835916198368313,0.0,-9.639999999999999,0.0,0.0,-9.61,0.0
17,2176,fixed_all_scenarios,-0.00012563914060592651,2.758195638656616,2.809672150760889e-05,0.0,0.6140255033969879,3.259629011154175e-08,1.0,1.0,nan,nan,nan,nan,nan,nan,nan,nan,13.945093631744385,-10.0,10.0,46.0,0.0,1.0,0.0,0.0,0.0,0.0,1.0,0.0,1.0,1.0,0.0,0.0,0.0,0.0,-10.0,0.0,0.0,0.0,0.0,-10.0,0.2104792078534956,0.332046162577706,-0.8078784942626953,0.9590318202972412,0.10695761406918791,0.32930798236503545,-0.8562610149383545,0.9185698628425598,0.3244682959084457,0.3426151443632904,-0.8805484175682068,0.9428865313529968,0.75390625,0.3515625,0.55078125,0.0,0.85546875,0.0,0.661239722646733,0.10800982363156536,16.223414795422286,0.661239722646733,0.10800982363156536,16.223414795422286,0.661239722646733,0.10800982363156536,8.111707397711143,0.20309188898958153,0.0480329068131726,5.184913076434896,0.5099589575972787,1.949104245384044,0.5175063214075055,0.0,-9.639999999999999,0.0,0.0,-9.61,0.0
18,2304,fixed_all_scenarios,-0.0017035361379384995,2.7587549686431885,0.00018065201584249735,0.0,0.8646225035190582,-8.754432201385498e-08,1.0,1.0,nan,nan,nan,nan,nan,nan,nan,nan,14.451247692108154,-10.0,10.0,46.5,0.0,1.0,0.0,0.0,0.0,0.0,1.0,0.0,1.0,1.0,0.0,0.0,0.0,0.0,-10.0,0.0,0.0,0.0,0.0,-10.0,0.17325112745038496,0.34755433687475806,-0.6662770509719849,0.9491274356842041,0.1383259692431329,0.3476453013170371,-0.781329870223999,0.9604701399803162,0.2702113636696595,0.31005176918539723,-0.8613910675048828,0.9796375632286072,0.56640625,0.359375,0.36328125,0.0,0.71875,0.0,0.5442842959731508,0.1367901512672825,13.510568183482974,0.5442842959731508,0.1367901512672825,13.510568183482974,0.5442842959731508,0.1367901512672825,6.755284091741487,0.14511813335803497,0.0642436214239901,4.716278028958186,0.4718160083804849,1.8169762273377952,0.33928265595514495,0.0,-9.639999999999999,0.0,0.0,-9.61,0.0
19,2432,fixed_all_scenarios,-0.00048342999070882797,2.7592729330062866,0.00016454863362014294,0.0,0.3716135174036026,-5.494803190231323e-08,0.9999999403953552,1.0,nan,nan,nan,nan,nan,nan,nan,nan,8.481822967529297,-10.0,10.0,56.0,0.0,1.0,0.0,0.0,0.0,0.0,1.0,0.0,1.0,1.0,0.0,0.0,0.0,0.0,-10.0,0.0,0.0,0.0,0.0,-10.0,0.2423166832577408,0.4303093909352689,-0.8557553291320801,0.9811961054801941,0.12545299820696698,0.3376061037321107,-0.9398083090782166,0.9374976754188538,0.3487437582334678,0.3626150444409487,-0.7488549947738647,1.0,0.6015625,0.36328125,0.4921875,0.0,0.69140625,0.0,0.76126006964808,0.12667341432833695,17.43718791167339,0.76126006964808,0.12667341432833695,17.43718791167339,0.76126006964808,0.12667341432833695,8.718593955836695,0.11714028109896879,0.05096605737000691,5.119481456098583,0.537516788405896,1.4716746149744064,0.2949509695383717,0.0,-9.639999999999999,0.0,0.0,-9.61,0.0
20,2560,fixed_all_scenarios,-0.0011367974802851677,2.7602055072784424,0.00013564014807343483,0.0,0.7453040182590485,-7.450580596923828e-09,1.0,1.0,nan,nan,nan,nan,nan,nan,nan,nan,1.9674817323684692,nan,nan,nan,nan,nan,nan,nan,nan,nan,nan,nan,nan,nan,nan,nan,nan,nan,nan,nan,nan,nan,nan,nan,0.26905969872586866,0.4342957200799159,-0.8962405323982239,0.9714041352272034,0.15793061768582106,0.33919015068898006,-0.8397735357284546,0.9470856785774231,0.23780171245743986,0.30354628539981154,-0.7995432019233704,0.9446153044700623,0.6875,0.37890625,0.3828125,0.0,0.75,0.0,0.8452757038345733,0.16010643729355484,11.762672548180927,0.8452757038345733,0.16010643729355484,11.762672548180927,0.8452757038345733,0.16010643729355484,5.881336274090463,0.1373702828760732,0.07249439937268323,4.3776809157425305,0.4237658663045235,1.8895675661368472,0.5318939156307441,0.0,-9.633333333333333,0.0,0.0,-9.61,0.0
21,2688,fixed_all_scenarios,-0.003419894725084305,2.761296033859253,0.00046937214210629463,0.0,0.7886583507061005,5.029141902923584e-08,1.0,1.0,nan,nan,nan,nan,nan,nan,nan,nan,1.9073767066001892,nan,nan,nan,nan,nan,nan,nan,nan,nan,nan,nan,nan,nan,nan,nan,nan,nan,nan,nan,nan,nan,nan,nan,0.24021203342999797,0.4663901740014879,-0.8248335123062134,0.9502875804901123,0.16699300283016782,0.32151740762764497,-0.6236108541488647,0.9399793148040771,0.1379447907456779,0.34229035264320484,-0.9013224840164185,0.9562320113182068,0.6875,0.36328125,0.26171875,0.0,0.74609375,0.0,0.754648119315514,0.16593501862446086,5.298014306143433,0.754648119315514,0.16593501862446086,5.298014306143433,0.754648119315514,0.16593501862446086,2.6490071530717163,0.12004845271482271,0.07503562074887096,2.206429839124441,0.2135858133167887,1.8060144913120912,0.5019457327563476,0.0,-9.633333333333333,0.0,0.0,-9.61,0.0
22,2816,fixed_all_scenarios,0.0006605181843042374,2.762221097946167,0.0003735148347914219,0.0,0.6330682337284088,8.381903171539307e-09,0.9999999403953552,1.0,nan,nan,nan,nan,nan,nan,nan,nan,1.853916049003601,nan,nan,nan,nan,nan,nan,nan,nan,nan,nan,nan,nan,nan,nan,nan,nan,nan,nan,nan,nan,nan,nan,nan,0.2515820279959371,0.4921009755068571,-0.9072023630142212,0.9118604063987732,0.20494653030527843,0.344330166936905,-0.872377336025238,0.981274425983429,0.10228949502288742,0.340599559064596,-0.8708633780479431,0.9720818996429443,0.6796875,0.3984375,0.1953125,0.0,0.75,0.0,0.7903679993452296,0.19920577354775543,2.584046980853622,0.7903679993452296,0.19920577354775543,2.584046980853622,0.7903679993452296,0.19920577354775543,1.292023490426811,0.10377040917391105,0.09871670280542805,1.1046217023875664,0.14233107426250521,1.9425185754738459,0.40005277879827505,0.0,-9.633333333333333,0.0,0.0,-9.61,0.0
23,2944,fixed_all_scenarios,-0.0006717303767800331,2.7626463174819946,0.0001248256303369999,0.0,0.4002619981765747,1.1175870895385742e-08,1.0,1.0,nan,nan,nan,nan,nan,nan,nan,nan,1.816600501537323,nan,nan,nan,nan,nan,nan,nan,nan,nan,nan,nan,nan,nan,nan,nan,nan,nan,nan,nan,nan,nan,nan,nan,0.23974848420289163,0.4661981647670858,-0.8383257985115051,0.8919342756271362,0.20299233121068028,0.3266093695274722,-0.7234117984771729,0.9654021263122559,0.10559861185834052,0.3401569930687488,-0.8270766139030457,0.9256280660629272,0.66015625,0.40625,0.203125,0.0,0.74609375,0.0,0.7531918369326086,0.1832124293834827,2.1461457798433727,0.7531918369326086,0.1832124293834827,2.1461457798433727,0.7531918369326086,0.1832124293834827,1.0730728899216864,0.11855205946144977,0.10325345958816903,0.9247341742539283,0.1985578937929774,2.0500729455031985,0.335242778113699,0.0,-9.633333333333333,0.0,0.0,-9.61,0.0
24,3072,fixed_all_scenarios,-0.0010452112182974815,2.763144850730896,7.872306741774082e-05,0.0,0.5070816278457642,-3.166496753692627e-08,1.0,1.0,nan,nan,nan,nan,nan,nan,nan,nan,1.790364146232605,nan,nan,nan,nan,nan,nan,nan,nan,nan,nan,nan,nan,nan,nan,nan,nan,nan,nan,nan,nan,nan,nan,nan,0.19315022812937954,0.4424124992640678,-0.9102903008460999,0.8451545834541321,0.1556229092348076,0.3232527163334542,-0.8578091859817505,0.9577909111976624,0.10384272000447936,0.34201883980942105,-0.8457981944084167,0.9516952037811279,0.671875,0.37109375,0.14453125,0.0,0.74609375,0.0,0.6067991445802232,0.13396784665698735,0.687621375926442,0.6067991445802232,0.13396784665698735,0.687621375926442,0.6067991445802232,0.13396784665698735,0.343810687963221,0.09918115846491266,0.08308465062664619,0.7514825301196981,0.23161803950163196,1.8502718024776836,0.24396406177983027,0.0,-9.633333333333333,0.0,0.0,-9.61,0.0
25,3200,fixed_all_scenarios,-0.0007329918444156647,2.7637633085250854,0.0001160867977887392,0.0,0.3220416456460953,3.4458935260772705e-08,1.0000001192092896,1.0,nan,nan,nan,nan,nan,nan,nan,nan,1.7568565011024475,nan,nan,nan,nan,nan,nan,nan,nan,nan,nan,nan,nan,nan,nan,nan,nan,nan,nan,nan,nan,nan,nan,nan,0.12078766168432864,0.41085736144684515,-0.9399946928024292,0.9006129503250122,0.16106450878646683,0.32926311860970997,-0.8417811989784241,0.9432680606842041,0.06333337675094697,0.33807908195726116,-0.9009525179862976,0.9441008567810059,0.65625,0.375,0.125,0.0,0.75,0.0,0.37946550980411453,0.1362008992175785,-1.0769340465211363,0.37946550980411453,0.1362008992175785,-1.0769340465211363,0.37946550980411453,0.1362008992175785,-0.5384670232605682,0.08324313645604381,0.08110539465448596,0.02464093829537478,0.17218963787216565,1.8066304727870577,0.22677308804895857,0.0,-9.620833333333332,0.0,0.0,-9.61,0.0
26,3328,fixed_all_scenarios,-0.00095708342269063,2.7643659114837646,0.0001715498510748148,0.0,0.7544938623905182,3.5390257835388184e-08,0.9999999403953552,1.0,nan,nan,nan,nan,nan,nan,nan,nan,1.7231836318969727,nan,nan,nan,nan,nan,nan,nan,nan,nan,nan,nan,nan,nan,nan,nan,nan,nan,nan,nan,nan,nan,nan,nan,0.07966379877797536,0.3815810865877071,-0.9249526858329773,0.8150752186775208,0.15374177070816586,0.330169063478262,-0.9695018529891968,0.9810305833816528,0.09452734763418391,0.3566219933421737,-0.9233627319335938,0.9409679174423218,0.671875,0.35546875,0.10546875,0.0,0.74609375,0.0,0.25027112533414414,0.12368386439385383,-0.9669788088295888,0.25027112533414414,0.12368386439385383,-0.9669788088295888,0.25027112533414414,0.12368386439385383,-0.4834894044147944,0.08150909158532572,0.07650328538970042,0.14758164216204084,0.21641757040891485,1.7116603942764557,0.2544292750140592,0.0,-9.620833333333332,0.0,0.0,-9.61,0.0
27,3456,fixed_all_scenarios,-6.452389061450958e-05,2.765080690383911,0.0001695409882813692,0.0,0.719540148973465,1.210719347000122e-08,1.0,1.0,nan,nan,nan,nan,nan,nan,nan,nan,0.9034205377101898,-90.00000357627869,60.00000089406967,600.0,0.0,0.0,1.0,0.0,1.0,0.0,0.0,0.0,1.0,0.0,0.0,0.0,0.0,0.0,0.0,0.0,0.0,0.0,-90.00000000000055,-90.00000000000055,0.08101625927488953,0.37487984751677894,-0.9579962491989136,0.9460029006004333,0.124254588163625,0.31971661198178075,-0.8074543476104736,0.9618048667907715,0.07185707096788452,0.3291911992858474,-0.9179446697235107,0.9384293556213379,0.71484375,0.33203125,0.12109375,0.0,0.8046875,0.0,0.2545200039430596,0.10999858857287634,-0.4411380308121442,0.2545200039430596,0.10999858857287634,-0.4411380308121442,0.2545200039430596,0.10999858857287634,-0.2205690154060721,0.11132571509383513,0.06808472376810143,0.11039321935269986,0.17456841053124206,1.7141120658429667,0.319936449128089,0.0,-9.620833333333332,0.0,0.0,-9.61,0.0
28,3584,fixed_all_scenarios,-0.0005986671894788742,2.7659753561019897,0.00012545811478048563,0.0,0.8862805068492889,2.0489096641540527e-08,1.0000001192092896,1.0,nan,nan,nan,nan,nan,nan,nan,nan,6.93448543548584,-4.6700000036507845,4.591499991132878,329.5,0.0,0.5,0.5,0.0,0.5,0.0,0.5,0.0,1.0,0.5,0.5,0.5,0.0,0.0,-5.0,0.0,0.0,0.3300000000000002,0.0,-4.67,0.08701075449471318,0.34028906050911756,-0.9562953114509583,0.9589596390724182,0.16116797476570355,0.3380816470332959,-0.8946009278297424,0.9592986702919006,0.15411373394168493,0.338198456751558,-0.79059237241745,0.9567059874534607,0.546875,0.34765625,0.3125,0.0,0.7734375,0.0,0.2733522600931415,0.15761913442354575,5.950332589337104,0.2733522600931415,0.15761913442354575,5.950332589337104,0.2733522600931415,0.15761913442354575,2.975166294668552,0.08671378117069625,0.07902801082083911,2.2134506361938384,0.27345821494651995,2.0644523473886123,0.24534965157209365,0.0,-9.620833333333332,0.0,0.0,-9.61,0.0
29,3712,fixed_all_scenarios,8.32313671708107e-05,2.7667540311813354,7.661455310881138e-05,0.0,0.3860785514116287,3.073364496231079e-08,0.9999999403953552,1.0,nan,nan,nan,nan,nan,nan,nan,nan,6.713191986083984,-10.0,10.0,61.0,0.0,1.0,0.0,0.0,0.0,0.0,1.0,0.0,1.0,1.0,0.0,0.0,0.0,0.0,-10.0,0.0,0.0,0.0,0.0,-10.0,0.027783024441987436,0.4116017932341863,-0.9692293405532837,0.9042602181434631,0.16551557395257532,0.33523832797679665,-0.7544160485267639,0.974696695804596,0.2688333206278912,0.3276656001717607,-0.8811166882514954,0.9144026041030884,0.66015625,0.3671875,0.41796875,0.0546875,0.80859375,0.0,0.087282917698429,0.1528704376531667,13.441666031394561,0.087282917698429,0.1528704376531667,13.441666031394561,0.087282917698429,0.1528704376531667,6.720833015697281,0.03048182367236646,0.08417814264637696,4.42224179657569,0.5341315492863592,2.2596545198293194,-0.037514351997294616,0.0,-9.620833333333332,0.0,0.0,-9.61,0.0
30,3840,fixed_all_scenarios,-0.0010105343535542488,2.7672773599624634,6.66037667542696e-05,0.0,0.6234526336193085,-3.5390257835388184e-08,1.0,1.0,nan,nan,nan,nan,nan,nan,nan,nan,6.1075968742370605,-10.0,10.0,57.0,0.0,1.0,0.0,0.0,0.0,0.0,1.0,0.0,1.0,1.0,0.0,0.0,0.0,0.0,-10.0,0.0,0.0,0.0,0.0,-10.0,-0.07536992227414885,0.430564537687004,-0.8083117604255676,0.8648552298545837,0.19674451571020768,0.3457741285188447,-0.8502868413925171,0.9830543994903564,0.20582815848320024,0.342456620324369,-0.8055850863456726,0.9384154677391052,0.734375,0.390625,0.3984375,0.07421875,0.8984375,0.0,-0.23678151874817752,0.17618185236335818,10.291407924160012,-0.23678151874817752,0.17618185236335818,10.291407924160012,-0.23678151874817752,0.17618185236335818,5.145703962080006,-0.02646097730954012,0.08593113638874814,3.438451525180426,0.40678566767906227,2.3533562963573744,-0.15643382129056294,0.0,-9.593333333333334,0.0,0.0,-9.61,0.0
31,3968,fixed_all_scenarios,0.00016878172755241394,2.767815589904785,0.0001045821700245142,0.0,0.3554118871688843,-5.587935447692871e-09,1.0,1.0,nan,nan,nan,nan,nan,nan,nan,nan,5.7001121044158936,-10.0,10.0,50.0,0.0,1.0,0.0,0.0,0.0,0.0,1.0,0.0,1.0,1.0,0.0,0.0,0.0,0.0,-10.0,0.0,0.0,0.0,0.0,-10.0,-0.09708772116050568,0.3987637800858092,-0.9626195430755615,0.9003962278366089,0.16142137511633337,0.3457515912551632,-0.8028212785720825,0.9719669222831726,0.13731237102183513,0.34075409085177805,-0.8936819434165955,0.9563722610473633,0.68359375,0.36328125,0.34375,0.08984375,0.7890625,0.0,-0.30500997446389777,0.1467662668152186,6.865618551091757,-0.30500997446389777,0.1467662668152186,6.865618551091757,-0.30500997446389777,0.1467662668152186,3.4328092755458783,-0.09129001363937694,0.08018348012150744,2.782370839471696,0.36855247141207326,1.9385759281729134,-0.39457742509315313,0.0,-9.593333333333334,0.0,0.0,-9.61,0.0
32,4096,fixed_gate,3.5373494029045105e-05,2.7682119607925415,1.2962613254785538e-05,0.0,1.1246452331542969,-7.264316082000732e-08,0.9999998807907104,1.0,nan,nan,nan,nan,nan,nan,nan,nan,0.011445270385593176,nan,nan,nan,nan,nan,nan,nan,nan,nan,nan,nan,nan,nan,nan,nan,nan,nan,nan,nan,nan,nan,nan,nan,-0.15330652280169943,0.43335405618159134,-0.8925930261611938,0.9525715112686157,0.17941426932123505,0.3129600736016508,-0.8655587434768677,0.9815360903739929,0.12213025841606395,0.33056194800197797,-0.886964738368988,0.9396611452102661,0.77734375,0.36328125,0.2890625,0.046875,0.921875,0.0,-0.48162649247469225,0.16530444303636466,6.08958079833034,-0.48162649247469225,0.16530444303636466,6.08958079833034,-0.48162649247469225,0.16530444303636466,3.04479039916517,-0.13599687950309722,0.09310558038907822,2.326032362930846,0.38190950819654423,2.1803130809643774,-0.37863202858839545,0.0,-9.593333333333334,0.0,0.0,-9.61,0.0
